"ID_Direccion";"Nombre_Direccion"
1;"LA UNION"
2;"EL PINO"
3;"MATARRAS"
4;"BARRIO LEMPIRA, ESPARTA"
5;"CARACAS"
6;"CEIBA MOCHA"
7;"ALDEA EL PINO"
8;"ALDEA EL GANCHO, LA UNION"
9;"CALLE PPAL"
10;"CONTIGUO AL CENTRO DE SALUD"
11;"LA CURVA"
12;"LOPEZ BONITO"
13;"LOS CACERES"
14;"MONTEVIDEO"
15;"LA RUIDOSA"
16;"OROTINA"
17;"PORVENIR, BARRIO EL CENTRO"
18;"COLONIA ELICIA"
19;"DESVIO LAS PALMERAS"
20;"CECERES"
21;"ALDEA MONTEVIDEO, CALLE PPAL"
22;"ALDEA LOPEZ BONITO"
23;"ALDEA CEIBA MOCHO"
24;"EL PORVENIR"
25;"EL PINO, COL 9 DE JULIO"
26;"LOMBARDIA"
27;"CEIBITA WAY"
28;"LA LIBERTAD"
29;"ARIZONA, BARRIO LA PIMIENTA"
30;"El Jazmin"
31;"PRIMERO DE MAYO"
32;"20 DE ENERO"
33;"EL MARAÐON"
34;"EL EDEN # 2"
35;"SAN JOSE DE ZAMZIBAR"
36;"LA AURORA"
37;"EL EMPALME"
38;"AGUA CALIENTE"
39;"11 DE MARZO"
40;"EL EDEN 1"
41;"BRISA DE AMERICA"
42;"BARRANQUILLA"
43;"LA COLMENA"
44;"EL SITIO"
45;"GUACHIPILIN 2"
46;"NUEVA SUYAPA"
47;"SANTA LUCIA"
48;"LA GUADALUPE"
49;"COL CABAÐAS"
50;"PLANES DE TIBURONES"
51;"EL ESTILLERO"
52;"SAN JOSE DE TIBURON"
53;"FLORES DE LEAN"
54;"LAS DELICIAS"
55;"JILAMITO VIEJO"
56;"RIO CHIQUITO"
57;"JILAMITO NUEVO"
58;"SAN JOSE DE TEXIGUAT"
59;"EL COCO"
60;"SIZAMA"
61;"PARIS DE LEON"
62;"ULUACITO"
63;"LOS CERRITOS"
64;"MEZAPITA"
65;"SOMBRA VERDE"
66;"GUACHIPILIN N 1"
67;"EL JASMIN"
68;"SIEMPRE VIVA"
69;"LAS AMERICAS"
70;"PIEDRAS DE AFILAR"
71;"FRENTE IGLESIA DE DIOS"
72;"ALDEA COLORADO BARRA"
73;"CAMPO NUEVO"
74;"MATA DE GUINEO"
75;"NUEVAGO"
76;"JILAMO NUEVO"
77;"SAN FRANCISCO DE SACO"
78;"COLORADITO"
79;"SANTA MARIA"
80;"EL RETIRO"
81;"LA ROSITA"
82;"BUENOS AIRES"
83;"ALDEA FLORES DE ITALIA"
84;"SAN JOSE"
85;"EL SUSPIRO"
86;"EL CENTRO"
87;"KILOMETRO 17"
88;"HICAQUE"
89;"ESPARTA"
90;"COL. BELLA VISTA"
91;"FRENTE AL CAMPO DE FUTBOOL"
92;"MATARAS"
93;"ALDEA JILAMO"
94;"BO EL CENTRO"
95;"BO LA GLORIA"
96;"LA MASICA, EL NARANJAL"
97;"EL NARANJAL"
98;"SAN ANTONIO"
99;"JUAN PUEBLO"
100;"SAN JUAN BENQUE"
101;"EL CENTRO, LA MASICA"
102;"La Cumbre"
103;"EL NARANJAL, LA MASICA"
104;"LAS FLORES"
105;"COL. LAZO"
106;"LA PRESA"
107;"BETANIA"
108;"PLANES DE SAN JOSE"
109;"EL ZAPOTE"
110;"PAGUALES"
111;"LOS CHORRITOS"
112;"EL RECREO"
113;"COLONIA ALEMANIA"
114;"POZO SARCO"
115;"LAS MINAS"
116;"LOS MICOS"
117;"FLORES DE SAN JUAN"
118;"EL MANCHON"
119;"SAN MARCOS"
120;"TRIPOLY"
121;"EL DESVIO"
122;"MONTENEGRO"
123;"EL ORO"
124;"AGUA FRIA"
125;"TIERRA FIRME"
126;"SAN JUAN PUEBLO"
127;"LA MASICA BARRIO NUEVO CALLE RAMON ROSA"
128;"ALDEA SAN ANTONIO"
129;"ALDEA FLORES DE SAN JUAN"
130;"BARRIO SUYAPA"
131;"LA MASICA"
132;"ALDEA TRIPOLY"
133;"Desconocido"
134;"COL LAZO"
135;"BUENA VISTA"
136;"MEZAPA"
137;"ATENAS, SAN CRIST"
138;"LA CRUCITA"
139;"CORAYCITO"
140;"LAS MARIAS"
141;"EL MACUELIZO"
142;"EL CACAO"
143;"LAS MARIAS, SAN JOSE"
144;"APACILAGUA"
145;"LA CEIBA"
146;"LAS PILAS"
147;"EL ZAPATON"
148;"EL TRAPICHE"
149;"SAN JACINTO"
150;"COYOLITO DE SAN FELIPE"
151;"LAS TABLAS"
152;"LAS POSAS # 1"
153;"CAÐA VIEJA"
154;"LA CIENAGA"
155;"PUEBLO NUEVO"
156;"LAS CAÐAS"
157;"LOS ZANJONES"
158;"LAS TROJES"
159;"EL TAMARINDO"
160;"EL AGUACATE"
161;"EL ARENAL"
162;"LAS LOMITAS"
163;"MEZCALES"
164;"GUAYABILLAS"
165;"LAS PERRERAS"
166;"EL NARANJO"
167;"EL AJUSTE"
168;"SAN FELIPE"
169;"LA GARZA"
170;"LOS LIMONES"
171;"ARADITOS"
172;"LAS POZAS N. 2, APACILAGUA"
173;"LA GARZA, APACILAGUA"
174;"13 KM. DE LA CIUDAD DE CHOLUTECA"
175;"Barrio Nueva Esperanza"
176;"COPAL ARRIBA, CHOLUTECA"
177;"Colonia las Acacias"
178;"Barrio Cabañas 2 cuadras al esre del Parque Cabañas"
179;"2cuadras al oeste de la Casa del COLPROSUMAH Barrio el Estad"
180;"BARRIO LAS COLINAS"
181;"PAVANA"
182;"COL MARCELINO CHAMPAGNAT"
183;"BARRIO EL PORVENIR"
184;"PILLADO"
185;"COLONIA JUAN PABLO SEGUNDO"
186;"TAPATOCA"
187;"OJUSTAL, LINACA"
188;"YUSGUARE"
189;"BO. GUADALUPE FRENTE CAMPO FUTBOL AMERICA"
190;"BO. LAS COLINAS"
191;"BO. NUEVA ESPERAN"
192;"COL MARCELINO CHAMPAGNAT 4 CDRAS ENTRADA PRINCIPAL"
193;"CLL PPAL DE LA NORMAL MIXTA DEL SUR 1 CDRA AL NORTE"
194;"101 BRIGADA DE INFANTERIA"
195;"RIGADA DE INFANTERIA"
196;"BARRIO CABAÑAS 2 CUADRAS AL ESTE DEL CAMPO CABAÑAS"
197;"BARRIO CAMPO SOL"
198;"CONTIGUO IGLESIA SAGRADA FAMILIA BO LOS MANGOS"
199;"Choluteca"
200;"EL GUACIMO SAN RAMON"
201;"COL INMACULADA CONCEPCION"
202;"COLONIA EBEN-EZER"
203;"BO. LAS ARENAS"
204;"SAN FRANCISCO DEL PALOMAR"
205;"COLONIA 15 DE SEPTIEMBRE"
206;"COLONIA JULIO MIDENCE"
207;"BARRIO SAN JORGE"
208;"ALTAMIRA"
209;"LOS ENCUENTROS, SAN RAMON"
210;"EL FANTASIOSO"
211;"LA CUMBRE CHOROTEGA"
212;"BARRIO PIEDRAS AZULEZ"
213;"GUAYABILLAS DE SAN MARTIN"
214;"ARENILLAS"
215;"EL LIMONAL"
216;"COLONIA HATO NUEVO # 2"
217;"CIUDAD NUEVA"
218;"COLONIA NUEVA COLORADOS"
219;"LOS MANGOS DE SAN MARTIN"
220;"PALO HERRADO"
221;"EL QUIQUISTAL"
222;"HATILLOS # 2"
223;"SALAZAR"
224;"PIEDRA PARADA"
225;"EL PITAL DE PAVANA"
226;"MONTECILLO"
227;"BARRIO BRIZAS DEL SUR"
228;"BARRIO EL ESTRUENDO"
229;"COFRADIA"
230;"BARRIO CAMPO LUNA"
231;"LAS PITAS"
232;"LA PUERTA DEL TRAPICHE"
233;"NAMALI"
234;"EL CALERO COPAL"
235;"LOS HUMOS"
236;"EL ZACATUSTAL"
237;"MARILLAL"
238;"LAS MESAS DE LINACA"
239;"WAICA"
240;"EL ESFUERZO DE SANTA LUCIA"
241;"COLONIA EMILIO WILLIAMS"
242;"SANTA ISABEL"
243;"LIMON DE LA CERCA"
244;"LA FRAGUA DE LINACA"
245;"EL ESQUILLAL"
246;"OCOTILLO"
247;"TAPATOCA RIO"
248;"LOS QUERQUES"
249;"SAN LUIS ANACH"
250;"SANTA ROSA"
251;"EL CARACOL # 2"
252;"LA GARITA"
253;"SAN RAFAEL"
254;"JACALITO"
255;"EL TULITO"
256;"BARRIO SAN JUAN BOSCO"
257;"EL PALENQUE # 2"
258;"COLONIA BUEN SAMARITANO"
259;"AGUA CALIENTE DE PAVANA"
260;"COPAL ARRIBA"
261;"EL CAPULIN"
262;"SAN JOSE DE LOS RINCONES"
263;"EL LIMON DE LINACA"
264;"LAS CANAS DE LINACA"
265;"LOS HATILLOS"
266;"SAN CRISTOBAL DE LINACA"
267;"BARRANCONES, SAN MARTIN"
268;"EL SANTUARIO"
269;"COMUNIDAD EL APINTAL"
270;"WINTO, LINACA"
271;"SANTA CRUZ DE YARILE"
272;"EL QUEBRACHO, SAN RAMON"
273;"IZTOCA"
274;"JOCOMICO"
275;"EL ZAPOTE AL NORTE DE LA CIUDAD DE CHOLUTECA"
276;"GUANCASTE GRANDE, LINACA"
277;"ALDEA HATO NUEVO # 1"
278;"LAS CABEZAS"
279;"LOS COLORADOS"
280;"EL MADREAL"
281;"SAN RAMON CENTRO"
282;"LA PICOTA, EL TRAPICHE"
283;"LAS UVAS DE LINACA"
284;"OLA MARCOVIA"
285;"PLAN DEL JOCOTE"
286;"TAPACI, LINACA"
287;"EL OBRAJE DE LINACA"
288;"EL JICARAL"
289;"LICANTO"
290;"HATILLOS # 1"
291;"EL JOCOTE"
292;"EL RINCON DE LA CASTAÐA"
293;"PORTILLO DEL GUACIMO"
294;"EL COYOL DE LINACA"
295;"EL CERRO DEL TRAPICHE"
296;"LA TRINIDAD"
297;"CERRO VERDE, LINACA"
298;"TAPAIRE"
299;"RIO ABAJO, SAN RAMON"
300;"PORTILLO DEL VIENTO"
301;"SAN RAMON ARRIBA"
302;"EL PAPALON"
303;"EL CARRIZAL"
304;"GUANACASTILLOS"
305;"FRAY LAZARO"
306;"COPAL ABAJO"
307;"CERCO DE PIEDRA"
308;"AGUA CALIENTE LINACA"
309;"LINACA"
310;"CERRO DE SAN MARTIN"
311;"SAN MARTIN"
312;"EL CARRIZO"
313;"LA CRUZ DE LINACA"
314;"COLONIA LAS ACASIAS"
315;"BARRIO LOS MANGOS"
316;"BARRIO EL ESTADIO"
317;"BARRIO CABAÐAS"
318;"BARRIO EL CENTRO FTE. AL PARQUE"
319;"BARRIO EL CENTRO"
320;"5 CUADRAS AL ESTE DEL CENTRO PENAL, COL EBEN EZER"
321;"COL LAS DELICIAS"
322;"LOS COLORADOS VIEJOS FTE. A LA ESCUELA FEDERICO RIVERA"
323;"PILLADO, SALIDA SAN MARCOS DE COLÒN, DESVIO TAPAIRE"
324;"COLONIAS UNIDAS"
325;"BO CAMPO SOL"
326;"TAPACI LINACA"
327;"CARRETERA HACIA AGUA CALIENTE DE LINACA"
328;"COL. EL BUEN SAMARITANO"
329;"COL INMACULADA CONCEPCION SALIDA A YUSGUARE,ATRAS PISTA DE A"
330;"COL NUEVA COLORADA"
331;"BO LA LIBERTAD AL SUR DEL MERCADO CONCEPCION"
332;"COL PROVIDENCIA"
333;"BO LA CUMBRE"
334;"COL. PANAMERICANA"
335;"COL 15 DE SEPTIEMBRE"
336;"BO EL PORVENIR"
337;"GUANACASTILLO PAVANA"
338;"BARRIO SAN FRANCISCO DEL PALOMAR"
339;"STA ROSA DE SAMPILE"
340;"COYOL DE LINACA"
341;"EL CAPULIN TRAPICHE"
342;"LA PICOTA"
343;"2KM DE PUENTE CHOLUTECA HACIA TEGUCIGALPA"
344;"BO CABAÑAS"
345;"OLA."
346;"COL JULIO MIDENCE"
347;"EL APINTAL"
348;"LAS ARENAS"
349;"ALDEA SAN RAMON ABAJO"
350;"COL BRISAS DEL SUR,CLL.A GUASAULE 1 CD.ESTE POR ESCUELA JOS"
351;"COL LAS ACACIAS"
352;"ALDEA PAVANA"
353;"LAS COLINAS"
354;"ALDEA PLAYAS DE IZTOCA"
355;"BO BRASIL"
356;"BO SUYAPA"
357;"ALDEA DE TAPATOCA"
358;"BO LA CEIBA"
359;"ALDEA EL PAPALON"
360;"FRAY LAZARO, CHOLUTECA"
361;"EL JACALITO, CHOLUTECA"
362;"RIO ABAJO"
363;"STA CRUZ DE YARILE"
364;"EL ESFUERZO, STA LUCIA"
365;"BO SAN JUAN BOSCO"
366;"BO LOS MANGOS, ESC PEDRO NUFIO"
367;"LA PABELLONA, CONCEPCION DE MARIA"
368;"BO RAFAEL HELIODORO VALLE"
369;"LOS HORCONES"
370;"LA CEIBILLA"
371;"OMOA"
372;"MATAPALOS NO 2"
373;"SAN ISIDRO"
374;"LOS AMATES"
375;"LAS GRANADAS ABAJO"
376;"GUACIMAL # 2"
377;"LA CAÐITA"
378;"QUEBRADA GRANDE"
379;"SAN BENITO VIEJO"
380;"EL TEJAR"
381;"PALO VERDE"
382;"EL PEÐON # 2"
383;"LA PABELLANA"
384;"LA MONTAÑA"
385;"EL PALO SOLO # 2"
386;"SANTA ANA"
387;"EL GUACIMOL # 1"
388;"NANCE DULCE"
389;"LA PINTURA"
390;"EL CERRON"
391;"LA MAJADA"
392;"MARIAS DEL PAPALON"
393;"MARIAS DEL CENTRO"
394;"LA PLOMOSA"
395;"ZONZOPOTE"
396;"LAS MESAS"
397;"EL POTRERITOS"
398;"EL GUANACASTE"
399;"EL TERRERO"
400;"LA GUARUMA"
401;"EL PALO SOLO # 1"
402;"EL AGUACATAL"
403;"EL JICARITO"
404;"LOS LLANITOS"
405;"EL PALITO"
406;"MATAPALOS # 1"
407;"LA JOYA"
408;"LAS PINTADAS"
409;"LA VETA"
410;"CERRO COLORADO"
411;"SAN BENITO NUEVO"
412;"EL PEÐON # 1"
413;"COCEPCION DE MARIA"
414;"EL SONZAPOTE"
415;"FRENTE AL CAMPO DE FUTBOL"
416;"CONCEPCION DE MARIA, LA JOYA"
417;"PEÑON NO 2"
418;"ALDEA LA PINTURA"
419;"LA GUARUMA, CONCEPCION DE MARIA"
420;"TERRERO"
421;"CONCEPCION DE MARIA"
422;"EL PAPALON NO 1"
423;"CENTRO DE ORACION NANCE DULCE"
424;"LA CAÑITA"
425;"GUACIMAL NO 1"
426;"EL BANQUITO"
427;"BO. SAN LUIS"
428;"BARRIO EL CALVARIO"
429;"ALDEA LA FORTUNA"
430;"PALO DE AGUA"
431;"LA MONTAÐA"
432;"EL OCOTILLO"
433;"LA PROVIDENCIA, AGUA FRIA"
434;"LOS SONCUANES"
435;"SABANA LARGA, EL BANQUITO"
436;"EL QUEBRACHAL"
437;"CAYANINI CENTRO"
438;"AGUA AGRIA # 2"
439;"SAMARIA"
440;"SAN JUAN ABAJO"
441;"EL RODEITO"
442;"LOS CHAGUITES"
443;"APINTO"
444;"LA CUCHILLA"
445;"BALDOQUIN"
446;"EL TULE, MUNICIPIO DE EL CORPUS"
447;"MIRAFLORES"
448;"LA FORTUNA"
449;"SAN JUAN ARRIBA"
450;"EL BIJAGUAL"
451;"EL CARACOL"
452;"TIXCAGUA"
453;"LOS TERREROS"
454;"EL PEDREGAL"
455;"ALBARRADA"
456;"EL ZAPOTAL"
457;"LAS PLAYITAS"
458;"AGUA AGRIA # 1"
459;"EL PUEBLITO"
460;"CAYANINI # 1"
461;"SAN JUDAS"
462;"LA GALERA CENTRO"
463;"EL CORPUS"
464;"LA GALERA"
465;"ALDEA EL ZAPOTAL"
466;"ALDEA EL NARANJAL"
467;"ALDEA AGUA FRIA"
468;"SAN JUDAS, EL CORPUS"
469;"DUYURE"
470;"ALTO PINO"
471;"APASUPO"
472;"SAN LORENZO"
473;"ALDEA LIRAQUI"
474;"CARRIZAL PRIETO"
475;"EL HORNO"
476;"TIERRAS COLORADAS"
477;"LIRAQUI"
478;"EL HORNA"
479;"BO CENTRO"
480;"MARCOVIA"
481;"ALDEA RENACER"
482;"MONJARAS"
483;"LA RESERVA"
484;"BOCA DE RIO VIEJO"
485;"LOS PUENTES"
486;"LA CHANCHERA"
487;"NUEVO OJOCHALITO"
488;"FRENTE CAMPO DE FUTBOL"
489;"LOS LIRIOS"
490;"ISLA DE GUIPO"
491;"CARRETERA HACIA PUNTA RATON"
492;"EL ZAPOTILLO"
493;"ISLA EL VENADO"
494;"ISLA GUAPINOL"
495;"LAS PEÑITAS"
496;"RENACER"
497;"CACAHULITO, PIEDRA DE AGUA"
498;"DESVIO DE MONJARAS CALLE DE PUNTA RATON"
499;"EL OJOCHAL"
500;"EL OBRAJE"
501;"CARRETERA HACIA CEDEÑO"
502;"DEL DESVIO DE LA JOYADA 7KM HACIA ADENTRO"
503;"CARRETERA A PUNTA RATON"
504;"BUENA VISTA # 2"
505;"LA GRECIA"
506;"SAN JOSE DE LAS CONCHAS"
507;"EL TAMBOR"
508;"PUEBLO NUEVO, CALLE PRINCIPAL"
509;"PIEDRA DE AGUA"
510;"CEDEÐO, BARRIO EL CENTRO"
511;"LA GERVACIA"
512;"SANTA CRUZ"
513;"LOS MANGLES"
514;"LA JOYADA"
515;"PUNTA RATON"
516;"COLONIA PLAN INTERNACIONAL"
517;"ORILLA DE LA CARRETERA"
518;"DESVIO EN LA ALDEA LA JOYADA CARRET SAN JOSE DE LAS CONCHAS"
519;"ENTRADA HACIA PIEDRA DE AGUA"
520;"LA LUCHA"
521;"LA GRESIA"
522;"ALDEA LOS LLANITOS"
523;"ALDEA DE MONJARAS"
524;"EL TAMBOR ABAJO"
525;"COL REPUBLICA DE ALEMANIA"
526;"ALDEA EL BOTADERO"
527;"CEDEÐO"
528;"MARCOVIA CENTRO"
529;"PUEBLO NUEVO, MARCOVIA"
530;"BARRIO ARRIBA, MOROLICA"
531;"SAN SEBASTIAN, AGUALCAGUAIRE"
532;"CARRIZAL BLANCO"
533;"SAN MARQUITOS"
534;"SAN MARQUITO, EL CARRIZAL"
535;"EL RODEO"
536;"LAS ANONITAS"
537;"EL RECODO"
538;"LA POZA"
539;"LA ENEA, NUEVA MOROLICA"
540;"CERCO DE PIEDRA # 1"
541;"EL POTRERO"
542;"DOS CAMINOS"
543;"AGUALCAGUAIRE"
544;"NUEVA MOROLICA"
545;"SAN JERONIMO"
546;"COL. NUEVO ESFUER"
547;"EL TIPURIN"
548;"EL CAHUANO"
549;"LAS PILITAS"
550;"GUAMERU"
551;"EL PUERTO"
552;"SAN RAFAEL ARRIBA"
553;"NUEVA SAN ANTONIO"
554;"EL CARMEN # 3"
555;"LA CONSTANCIA"
556;"BRISAS DEL MAR"
557;"LOS PRADOS # 2"
558;"EL CARMEN # 2"
559;"RANCHERIA"
560;"MONTECRISTO"
561;"EL CARMEN # 1"
562;"SAN AGUSTIN"
563;"COLONIA 7 DE MAYO"
564;"LOS PRADOS # 1"
565;"LA DANTA"
566;"LA VUELTA DEL CERRO"
567;"EL HIGUERON"
568;"EL CHAGUITON"
569;"YOLORAN"
570;"SAN FRANCISCO"
571;"SANTA IRENE"
572;"SAN BERNARDO"
573;"TIERRA BLANCA"
574;"ENTRADA A GRANJAS MARINAS SAN BERNARDO"
575;"KM 13 CARRETERA A GUASAULE EL CARMEN"
576;"CHAGUITON"
577;"EL CARMEN Nª 3"
578;"ALDEA EL OBRAJE ."
579;"ALDEA SAN BERNARDO"
580;"NAMASIGUE"
581;"LA CONSTANCIA, NAMASIGUE"
582;"CONTIGUO A ESC MODESTO MARTINEZ"
583;"2 KM AL ESTE DE SAN JERONIMO"
584;"EL MALPASO"
585;"EL MATAPALO"
586;"BARRIO EL COLEGIO"
587;"Aldea Chupadero"
588;"LA PLAZUELA"
589;"BARREAL CENTRO"
590;"YUCULINAY, SANTA LUCIA"
591;"LOS CASTILLOS"
592;"LAS CARRETILLAS"
593;"EL CHUPADERO"
594;"EL TOLOLAR"
595;"LOS ENCUENTROS"
596;"PLAN GRANDE , SANTA LUCIA"
597;"LA MANZANILLA"
598;"EL ATOPALITO"
599;"EL PORTILLO DEL OCOTE"
600;"EL NARANJO, SANTA LUCIA"
601;"SANTA ANITA"
602;"LA BARRANCA"
603;"EL TABLON, SANTA CRUZ"
604;"QUEBRADA ARRIBA"
605;"COMBALI"
606;"EL MORAY"
607;"EL JOBO, SAN JOSE"
608;"LAS VENTANAS"
609;"LOS ACHIOTES, SAN ANDRES"
610;"EL GUALIQUEME, SANTA LUCIA"
611;"LA CONCEPCION"
612;"LAS PITAS, SANTA LUCIA"
613;"LOS ARADITOS"
614;"LAS POZAS"
615;"BORREAL LIMONES"
616;"BARRIO POTRERILLOS"
617;"ENTELI"
618;"EL JOBO"
619;"OROCUINA"
620;"OROCUINA CENTRO"
621;"EL TAMARINDO, CONCEPCION"
622;"BO. RIO CHIQUITO"
623;"CASERIO LA LUCIA"
624;"EL GUAYABO CENTRO"
625;"SAN JORGE, SAN JUAN BOSCO, PESPIRE,CHOLUTECA"
626;"CACAUTARE"
627;"EL RINCON CACAUTARE"
628;"LAS MARIAS, EL ESPINAL"
629;"LOS SURCOS, CACAUTARE"
630;"EL PAPALON, SAN ANTONIO DE PADUA"
631;"EL TABLON, MOROLICA"
632;"MALA LAJA"
633;"LOS VOLCANCITOS, CONCEPCION"
634;"SUYAPA CACAUTARE"
635;"YORONLICA"
636;"EL OCOTILLO, CONCEPCION"
637;"EL TERRERO CONCEPCION"
638;"ESQUIMAY ABAJO"
639;"LAS MESAS, CONCEPCION"
640;"LOS JOBOS DE ESQUIMAY"
641;"PADUA CENTRO, SAN ANTONIO DE PADUA"
642;"EL PASO"
643;"EL PORTILLO GRANDE"
644;"LAS POZAS, CONCEPCION"
645;"EL NARANJITO DE CACAUTARE"
646;"MORILICA CENTRO"
647;"CONCEPCION, EL JICARAL"
648;"LAS MARIAS, EL GUAYABO"
649;"AGUA TIBIA"
650;"SAN JUAN BOSCO"
651;"LA RINCONADA"
652;"LIMONES, SAN ANTONIO DE PADUA"
653;"ESQUIMAY CENTRO"
654;"EL TABLON"
655;"TAMARINDO GUAYABO"
656;"SALADITO, SAN ANTONIO DE PADUA"
657;"EL CARRIZAL, MARILICA"
658;"EL CHAPARRAL, MARILICA"
659;"EL PAPALON ESPINAL"
660;"EL BRACILAR"
661;"LAS LAJAS"
662;"LA LAGUNA, MARILICA"
663;"EL QUEBRACHO"
664;"EL COYOLITO"
665;"SAN JORGE"
666;"SAN JUAN BAUTISTA CENTRO"
667;"LA PALMA, SAN JUAN BOSCO"
668;"EL ESPINAL"
669;"EL TABLADO"
670;"TIERRA AGRIA, ESQUIMAY"
671;"BO EL CENTRO, PESPIRE"
672;"EL RODEO DEL ESPINAL, PESPIRE"
673;"SAN JUAN BAUTISTA"
674;"LIMONES"
675;"LA RINCONADA SAN JUAN B"
676;"CACAUATARE"
677;"CASERIO EL TABLADO"
678;"CANTON SUYAPA"
679;"CONDEGA"
680;"TAMARINDO CONCEPCION, DESV. LA RAMPA, CTRA. AL MUNI.S.JOSE"
681;"EL RINCON, LOS LIMONES"
682;"ALDEA MARILICA CASERIO LA LAGUNA"
683;"ALDEA DE CACAUTARE"
684;"BARRIO EL CENTRO, PESPIRE"
685;"CASERIO EL CHAPARRAL"
686;"EL CHOCOLATE"
687;"SAN ANTONIO DE FLORES"
688;"EL LLANO"
689;"TEGUCIGALPITA"
690;"EL JICARO"
691;"PLAYITAS"
692;"LAS TROJAS"
693;"MORAMULCA"
694;"LAS CAÑAS"
695;"CASERIO EL LLANO"
696;"Playitas / Jd"
697;"EL RINCON"
698;"VILLA DOLORES"
699;"AL FINAL DE LA CARRETERA, CERCA DEL CENTRO DE SALUD"
700;"EL CAULOTE"
701;"EL OBRAJITO"
702;"SAN JOSE, SAN ISIDRO"
703;"OBRAJITO"
704;"LOS AMATES ISIDRO"
705;"San Isidro /"
706;"LA TAJEADA"
707;"EL DIVISADERO"
708;"LA PERMUTA"
709;"TABLONES ABAJO"
710;"LOS ZORRILLOS"
711;"EL CERRO"
712;"TABLONES ARRIBA"
713;"EL PUENTE"
714;"STA ANA DE YUSGUARE"
715;"AZACUALPA"
716;"Aldea Rio Grande"
717;"BO. SAN MIGUEL"
718;"BO LOS GRANEROS 1/2 CDRA AL NOSTE GASOLINERA DIPPSA"
719;"SANTA TERESA CENTRO"
720;"MATAPALOS ABAJO # 3"
721;"CUATRO ESQUINAS"
722;"7 DE MAYO ASENTAMIENTO"
723;"EL TRIUNFO,ASENTAMIENTO EL GRAMAL"
724;"RIO GRANDE # 3"
725;"SANTA CATARINA"
726;"SANTA MARTHA"
727;"LAS UVAS"
728;"MACILA"
729;"LAS CHACRAS"
730;"COLON"
731;"EL BURILLO"
732;"EL CARAO"
733;"LOS COYOTES"
734;"SAN JUAN, LA PEÐA"
735;"EL TRIUNFO"
736;"SAN BUENA VENTURA"
737;"8 KM AL NO. DEL TRIUNFO"
738;"EL COYOL"
739;"EL CHORRO"
740;"SONI, GUASAULE"
741;"EL ESTRIBO"
742;"LOS ANGELITOS"
743;"LAS BATEAS"
744;"LOS CALPULES"
745;"RIO GRANDE # 2"
746;"BARRIO NUEVO"
747;"LAS CASITAS"
748;"NUEVA CONCEPCION"
749;"EL CEDRAL"
750;"OJO DE AGUA"
751;"EL LIMON"
752;"EL ANGEL"
753;"LA CALERA"
754;"RIO GRANDE # 1"
755;"LAPEÐA"
756;"LAS HORMIGAS"
757;"TIERRA HUECA"
758;"EL PERICO"
759;"SANTA TERESA"
760;"COL BELLO HORIZONTE 200 MTS AL ESTE"
761;"NUEVA CONSEPCION"
762;"EL CREDITO TIERRA HUECA"
763;"2 KMS APROX DE EL TRIUNFO LAS CHACARAS"
764;"3.5 KM ENTRADA GASOLINERA DESVIO HORMIGAS"
765;"CONTIGUO AL CENTRO DE SALUD DE AZACUALPA"
766;"4KM DEL TRIUNFO"
767;"5KM DEL MUNICIPIO DEL TRIUNFO CLL A STA TERESA, EL PERICO"
768;"BARRIO SAN MIGUEL, FRENTE A PLAZA CIVICA"
769;"6 KMS DEL DESVIO DE LAS HORMIGAS LAS MARIAS"
770;"10KM DE CABECERA MUNICIPAL"
771;"LA CAYUYA"
772;"NANCE DULCE SALIDA A CONCEPCION"
773;"13 KM DE LA CARRETERA PANAMERICANA"
774;"ALDEA SONI, EL TRIUNFO"
775;"EL TRIUNFO CHOLUTECA"
776;"Limera"
777;"COLONIA GALLARDO"
778;"MARGARITA"
779;"CUYAMEL"
780;"NUEVA FLORIDA"
781;"EL NARANJITO"
782;"LIS LIS"
783;"LAS MANGAS"
784;"SAN JOSE DEL EDEN"
785;"LAS BALLAS"
786;"MANGULITE"
787;"SATAL"
788;"LAS CRUCITAS"
789;"PLANES DE BAMBU"
790;"RIO COCO"
791;"LUCINDA"
792;"CENIZO"
793;"BAMBU"
794;"BALFATE RIO ESTEBAN"
795;"BALFATE"
796;"EL CENIZO"
797;"RIO ESTEBAN"
798;"KILOMETRO CINCO"
799;"EL CARBONAL"
800;"COROCITO"
801;"BO. SUBIRANA"
802;"EL CASTAÑO"
803;"QUEBRADA HELADA"
804;"CEIBITA"
805;"BRISAS ORIENTALES"
806;"VILLA ORIENTAL"
807;"PLAYA DE GANADO"
808;"PERLA DEL RIO ORO"
809;"SANTA ELENA"
810;"LA ORERA"
811;"LOMA LINDA"
812;"EL PLANTEL"
813;"VISTA HERMOSA"
814;"BONITO ORIENTAL"
815;"CALLE GASOLINERA 3 CUADRAS AL OESTE"
816;"IRIONA"
817;"CUSUNA"
818;"LAS PALMAS"
819;"LA VICTORIA"
820;"LA CELEA"
821;"EL ÑATO, IRIONA"
822;"LAS YAGUAS"
823;"EL GUAY"
824;"OCOTALES"
825;"IRIONA PUERTO"
826;"QUESERA VIEJA"
827;"EL EMBARCADERO"
828;"PLAYA DE OCOTALES"
829;"RIO PAYA"
830;"SAMBITA"
831;"PLANES"
832;"ALDEA COPEN"
833;"EL AMARILLO"
834;"CIRIBOY"
835;"SICO"
836;"AEROPUERTO OCOTALES"
837;"LA CLAURA"
838;"EL CASTILLO"
839;"TUCUMACHO"
840;"SANGRELAYA"
841;"PUNTA PIEDRA"
842;"IRIONA VIEJO"
843;"CIRIBOYA"
844;"EL ÑATO"
845;"LA PUNTA"
846;"TOCAMACHO"
847;"Limon"
848;"NUEVA ESPERANZA"
849;"VILLA NUEVA"
850;"RIO MIEL"
851;"KILOMETRO 60"
852;"BRISAS DE MIRAMAR"
853;"EL GUANO ADELANTE DE LA COMUNIDAD DEL PARAISO"
854;"FLORES DE ORIENTE TINGLAS"
855;"PLAN DE FLORES, 10 MINUTOS DESPUES DE LIMON"
856;"ALDEA LIMONCITO"
857;"FRANCIA"
858;"FLORES DE ORIENTE"
859;"ELIXIR"
860;"BELLA VISTA"
861;"LA PAVA"
862;"REGADEROS"
863;"LAS MERCEDES"
864;"CABALLERIA"
865;"COOPERATIVA LA CHOLOMEÑA"
866;"COOPERATIVA LA LUCHA"
867;"EL ESFUERZO"
868;"JAGUILLO MUERTO"
869;"SABA"
870;"BARRANCO CHELE"
871;"SITRAFASISA"
872;"SONAMBULA"
873;"LUCIA"
874;"SABA, LAS GOLONDRINAS,MARGEN DERECHO RIO AGUAN"
875;"PALOS DE AGUA ABAJO"
876;"ORICA"
877;"ACHIOTE"
878;"BARRIO EL COYOL"
879;"SITRAEASISA CLL.PPA. CONTIGUO ESCUELA ESTEBAN G."
880;"NUEVA CHOLOMEÑA"
881;"CUNDA, CARRETERA ASANTA FE"
882;"SANTA FE"
883;"LAS BRISAS"
884;"MIRADOR ARRIBA"
885;"BETULIA"
886;"PLAN GRANDE"
887;"BARRIO KAKATON"
888;"GUADALUPE"
889;"BAYEIRA"
890;"RAFAEL LEONARDO"
891;"DOS BOCAS"
892;"VUELTA GRANDE"
893;"BARRA DE AGUAN"
894;"SANTA ROSA DE AGUAN"
895;"NUEVA BARRA DE AGUAN"
896;"SONAGUERRA"
897;"LA HILARIA, SONAGUERA"
898;"EL SASTRE"
899;"SABANA DE UTILA"
900;"LOS PLANES"
901;"EL OLVIDO, COL. MORAZAN"
902;"SONAGUERA"
903;"PARMA"
904;"COL 9 DE AGOSTO"
905;"ISLETAS"
906;"SAN MIGUEL ARCANGEL"
907;"COL 25 DE SEPTIEMBRE"
908;"LA MONROY"
909;"DESVIO EL PORVENIR"
910;"MASICALES"
911;"LOS SUREÐOS"
912;"CUYULAPA"
913;"LOS MONTILLOS"
914;"SONAGUERITO"
915;"FLORES DEL ESTE"
916;"COOPERATIVA 21 DE NOVIEMBRE"
917;"SABANAS DE LOS SANTOS"
918;"JUAN LAZARO"
919;"EL SINAI"
920;"PUENTE ALTO"
921;"EL TAPON"
922;"LA HOYA"
923;"ISLETAS CAMPO OSCURO"
924;"SABANAS DE LORELAY"
925;"LA PAZ"
926;"LA CUBANA"
927;"QUEBRADA DEL PADRE"
928;"LOS CARRIOLES"
929;"UTILA"
930;"EL GUAYABAL"
931;"RIO DE PIEDRA"
932;"GIOCONDA"
933;"GUANACASTE"
934;"TROVADOR"
935;"AIDA PUENTE ALTO"
936;"LA CURVA DE ISLETA"
937;"QUEBRADA DE ARENA"
938;"FAUST"
939;"CHURRUSQUERA"
940;"BARRIO ARRIBA"
941;"UTILA SONAGUERA"
942;"CARLOS MORAZAN"
943;"AIDA PUENTE"
944;"LORELAY"
945;"SABANAS DE UTILA"
946;"LA HILARIA"
947;"ALDEA SINAI"
948;"COOPERATIVA 18 DE SEPTIEMBRE"
949;"El Joconal"
950;"CENTRAL ZAMORA, TOCOA"
951;"COL. SINALOA"
952;"PRIETA"
953;"BARRIO MANGASECA"
954;"GUAPINOL"
955;"BARRIO ABAJO"
956;"TOCOA"
957;"ZAMORA"
958;"LOS LAURELES"
959;"LA PISTA"
960;"EL TIGRE"
961;"SAN ANTONIO DE GARAY"
962;"PUEBLO VIEJO"
963;"BADO ANCHO"
964;"LAS VEGAS"
965;"PINALITO"
966;"COL EL CUARENTA Y CINCO"
967;"PINARES ABICINIA"
968;"COL. FABIO OCHOA"
969;"CERRO AZUL"
970;"NUEVA VIDA"
971;"EL BARRO"
972;"COLONIA BUENA VISTA"
973;"BUENA VISTA GARCIA"
974;"LA CONFIANZA"
975;"SAN PEDRO DE LAS MINAS"
976;"SALAMA"
977;"MALA FALDA"
978;"AURORA"
979;"COLONIA LEMPIRA"
980;"SAN JOSE DE CORRALES"
981;"CHIRIPA"
982;"COLONIA OCCIDENTAL"
983;"LA ABICINIA"
984;"JUAN ANTONIO"
985;"QUEBRADA DE AGUA"
986;"LA BOLSA"
987;"CAYO CAMPO"
988;"ALDEA ZAMORA"
989;"TAUJICA"
990;"BARRIO SAN ISIDRO"
991;"LERIDA"
992;"CAYO SIERRA"
993;"CUACA"
994;"FTE. CAMPO BANADESA"
995;"S.E. CARRETERA A TRUJILLO DESPUES DE ALDEA TANJIAN"
996;"COLONIA FABIO OCHOA"
997;"COL. FCO MARTINEO ( LOS MAESTRO)"
998;"COLONIA 18 DE SEPTIEMBRE"
999;"SINALOA"
1000;"ALDEA TAUJICA AREA RURAL"
1001;"COLONIA SALOMON MARTINEZ"
1002;"N.E. ORILLA CARRETERA PAVIMENTADA A CEIBA"
1003;"BO BUENOS AIRES"
1004;"TAMARINDO"
1005;"BO SAN ISIDRO"
1006;"BO. MANGA SECA"
1007;"Barrio Buenos Aires"
1008;"25 DE ABRIL"
1009;"PUERTO CASTILLA"
1010;"RIGORES"
1011;"Altos de Guanchias"
1012;"COOPERATIVA HONDURAS AGRICOLA"
1013;"GRANERO"
1014;"ILANGA"
1015;"TRUJILLO"
1016;"BARRIO BUENOS AIR"
1017;"LAS PILAS CONTIGUO A LA ESCUELA"
1018;"COL. 18 DE ABRIL"
1019;"HOLANDA LINDA"
1020;"GUADALUPE CARNEY"
1021;"MISION DEL CARIBE"
1022;"CHACALAPA"
1023;"LA BREA"
1024;"COOPERATIVAS HONDURAS AGUAN"
1025;"TALNETES"
1026;"FLORES UNO"
1027;"BRISAS DE RIO ORO"
1028;"COOP. 13 DE JUNIO"
1029;"EL OCOTE"
1030;"UNION PACEÐA"
1031;"EL TESORITO"
1032;"SAN JOSE DEL BENQUE"
1033;"AGUA SARCA"
1034;"BRISAS DE PIEDRA BLANCA ARRIBA"
1035;"RIO CLARO"
1036;"SAN JOSE DE MINERALES"
1037;"SANTA ELENA DOS"
1038;"CAPIRO"
1039;"FLORIDA MIRAMAR"
1040;"LOS PRESOS"
1041;"LA SALTOSA"
1042;"JAZMINES DE ORIENTE"
1043;"BUENOS AIRES BARRIO EL CENTRO"
1044;"JERICO"
1045;"OCOTES ALTOS"
1046;"PUERTO RICO"
1047;"EL PARAISO"
1048;"DULCE NOMBRE DE COLON"
1049;"EL BENQUE"
1050;"CHICHIGUITE ABAJO"
1051;"EL HIGUERITO"
1052;"LAS DELICIAS DOS"
1053;"COOPERATIVA PANAMA"
1054;"TARRAL"
1055;"COOP SUYAPA"
1056;"CAMPO TRES"
1057;"EL ANTIGUAL"
1058;"SAN ANTONIO DEL BRICHE"
1059;"PIEDRA BLANCA ABAJO"
1060;"EL ACHIOTE"
1061;"RIO NEGRO"
1062;"ALDEA COOPERATIVA LA COLONIA"
1063;"BETANIA ORIENTAL"
1064;"SAN JOSE DE LA MONTAÐA"
1065;"LAS NIGUAS"
1066;"EL PALMICHAL"
1067;"CAMPO DOS"
1068;"IRINEO"
1069;"TARROS"
1070;"LA POLLA"
1071;"HIGUERALES"
1072;"SILIN"
1073;"CHICHIGUITE"
1074;"ALDEA LAS PILAS"
1075;"MARAÐONES"
1076;"MONTE ABAJO"
1077;"PALETALES"
1078;"BOCA DEL COCO"
1079;"RIO ARRIBA"
1080;"LA ESPERANZA"
1081;"LA COLONIA DE AGUAN"
1082;"LA ATASCOSA"
1083;"ALDEA DE FEO"
1084;"CHAPAGUA"
1085;"CRISTALES"
1086;"HOLANDEZA LINDA"
1087;"PANAMA"
1088;"13 DE JUNIO"
1089;"ALDEA NUEVA MASICALES"
1090;"ALDEA SILIN"
1091;"AGUA AMARILLA"
1092;"COL JERICO"
1093;"IRINEOS"
1094;"COMUN DE CAPIRO"
1095;"ALDEA JERICO"
1096;"COL EDUARDO CASTILLO"
1097;"BO SAN MARTIN"
1098;"SAN JOSE DEL CINCO"
1099;"BARRIO LA MILAGROSA"
1100;"PUERTO CASTILLO"
1101;"BO CRISTALES"
1102;"BO RIO NEGRO"
1103;"LAMANI"
1104;"LAGUNETAS"
1105;"TRAPICHITO"
1106;"LAMANI COMAYAGUA"
1107;"GUACHIPILIN"
1108;"VALLADOLID"
1109;"LAS MESETAS"
1110;"ALDEA TABLAZON"
1111;"BARRIO CENTRO"
1112;"SAN JOSE DEL POTRERO"
1113;"CAMALOTAL 2"
1114;"ALDEA DE CARBONERAS"
1115;"LA PEÐITA"
1116;"DOLORES"
1117;"TERRERITOS"
1118;"EL ENCINAL"
1119;"LAS LAGUNAS"
1120;"EL ESPINO"
1121;"EL OCOTAL"
1122;"EL CAMALOTAL 1"
1123;"AGUA BLANCA"
1124;"MINAS DE PLATA"
1125;"QUEZALAPA"
1126;"BARRIO GUANASTE"
1127;"EL CAMALOTAL"
1128;"EL ENCIMAL"
1129;"QUEZALAPA, LAGUNA QUEZALAPA"
1130;"SAN JOSE DEL PATRERO, BARRIO EL CENTRO"
1131;"ALDEA CERRO BLANCO"
1132;"CARPULES"
1133;"LA CAMPANA"
1134;"PUENTE EN CURVA"
1135;"LA CAÐADA"
1136;"CORRALITOS"
1137;"LA CAMPA"
1138;"ALDEA EL CAMALOTE"
1139;"EL LLANITO"
1140;"VEGAS DEL SOLORZANO"
1141;"LAS HUERTAS"
1142;"POZO AZUL"
1143;"TABLEROS"
1144;"EL JUNCO DE LA PALMA"
1145;"CHAGUITILLOS"
1146;"LAS PAVAS"
1147;"LOS IMPOSIBLES"
1148;"EL LEONCITO"
1149;"SABANA GRANDE"
1150;"LOMAS VERDES"
1151;"EL BIJAO"
1152;"BUEN PASTOR"
1153;"AGUA DULCITA"
1154;"ALDEA SANTA ROSA"
1155;"LOMA LARGA"
1156;"LA CAÑADA, SAN ISIDRO"
1157;"CERRO BLANCO"
1158;"BARRIO SAN RAFAEL"
1159;"Las Canada?s"
1160;"ESQUIAS BO. LA ESPERANZ"
1161;"CASERIOS LAS MAJADAS"
1162;"ORO ABAJO"
1163;"BO LA PEÐA RANCHO GRANDE"
1164;"ALDEA DE JUTIAPA"
1165;"EL COMAL"
1166;"LAS GUAMAS"
1167;"LA MINITA"
1168;"RANCHO GRANDE"
1169;"VALLECILLOS"
1170;"LOS ANIZALES"
1171;"HACIENDA VIEJA"
1172;"LA FLORIDA,EL PLAYON"
1173;"LA LAGUNA EL ZAPOTE"
1174;"CALPULES"
1175;"LA LAGUNA"
1176;"COYOLITOS"
1177;"ALDEA EL ZAPOTE"
1178;"EL JUNCO"
1179;"LAS MINITAS"
1180;"NETAPA"
1181;"PELADERITO"
1182;"LOS POCITOS"
1183;"ALDEA EL ORO"
1184;"ALDEA EL PLAYON"
1185;"RANCHO GRANDE BO. LA PEÑA"
1186;"LA LAGUNA DE EL ZAPOTE"
1187;"NEPATA"
1188;"ALDEA RIO CHIQUITO"
1189;"ESQUIAS BARRIO EL CENTRO"
1190;"FRENTE AL SALON COMUNAL HUMUYA"
1191;"EL REPARTO"
1192;"HUMUYA"
1193;"LAS TIERRAS"
1194;"EL PENON"
1195;"COL. LOS PINARES"
1196;"ALDEA CORDONCILLOS"
1197;"Aldea GUACAMAYAS"
1198;"rio rojo, las lajas, comayagua"
1199;"DULCE NOMBRE, LAS LAJAS"
1200;"BARRIO SUYAPA, LAS LAJAS"
1201;"BO. EL PORVENIR"
1202;"BO. SUYAPA"
1203;"EL BEJUCAL"
1204;"TAPIQUIL"
1205;"LOS PORTONES"
1206;"SAN MANUEL DE LA PARRA"
1207;"BUENOS AIRES N11"
1208;"LOS GUINEOS"
1209;"EL PACAYAL"
1210;"LAS PIÐAS"
1211;"LOS DOS RIOS"
1212;"EL BUEN PASTOR"
1213;"EL ROBLEDAL"
1214;"LA CANDELARIA"
1215;"DULCE NOMBRE"
1216;"BO. GUADALUPE"
1217;"LOS DOLORES"
1218;"CAMINOS NUEVOS"
1219;"CAMINO NUEVO"
1220;"LEJAMI"
1221;"LOS PITONES"
1222;"VALLE BONITO"
1223;"MONTAÐUELAS"
1224;"EL TRANSITO"
1225;"BARRIO SAN FRANCISCO"
1226;"LA SOLEDAD"
1227;"ALDEA EL HIGUERON"
1228;"GRACIAS A DIOS"
1229;"LOS CABLOTES"
1230;"CASA DE PIEDRA"
1231;"BARRIO SAN JOSE"
1232;"EL MATAZANO"
1233;"EL FILO"
1234;"SAN ADRES"
1235;"EL FALDON"
1236;"LA MALCOTOSA"
1237;"LA MINA"
1238;"CERRO EL NANCE"
1239;"CERRO NEGRO"
1240;"CUESTA DEL NEO"
1241;"EL SAQUE"
1242;"LOS ALFAROS"
1243;"LA PITA"
1244;"EL OLVIDO"
1245;"CABECERAS"
1246;"GOTERAS"
1247;"ZACALITOS"
1248;"VALLE DE ANGELES"
1249;"PLAN DE ALEJANDRO"
1250;"VALLE BONITO BO. ABAJO"
1251;"BO. SAN FRANCISCO"
1252;"MONTAÑUELAS"
1253;"COLONIA MAZARELLA"
1254;"ALDEA EL ROSARIO"
1255;"MARAGUA"
1256;"ALDEA SAN BENITO"
1257;"MATA PALO"
1258;"ALDEA CORINTO"
1259;"MONTE DE DIOS"
1260;"LA PIMIENTA"
1261;"EL CIENEGAL"
1262;"CANCHIAS"
1263;"ALDEA LAS MESTIZAS"
1264;"EL AGUAJE"
1265;"LOS GLOBOS"
1266;"POTRERILLOS"
1267;"ALDEA SANTA ANA"
1268;"ALDEA EL PALMITAL"
1269;"ALDEA EL BUEN PASTOR"
1270;"MEAMBAR"
1271;"EL PLAMITAL"
1272;"MINAS DE ORO"
1273;"LA CHACARA"
1274;"EL ZOMPOPERO"
1275;"LAGUNITAS"
1276;"RIO COLORADO"
1277;"EL PATASTE"
1278;"JOYA DE MULAS"
1279;"SAN FRANCISCO DE LA PEÐA"
1280;"EL SOCORRO"
1281;"HOYA DE LA PUERTA"
1282;"ALDEA MONTECITOS"
1283;"PIMIENTILLA"
1284;"BO. EL CENTRO"
1285;"MINAS DE SAN ANTONIO"
1286;"PIMIENTA"
1287;"COMAYAGUA"
1288;"BO ABAJO"
1289;"AJUTERIQUE"
1290;"JAGUAL 2"
1291;"ALDEA EL JAGUAL"
1292;"BUENOS AIRES 2"
1293;"LA PROVIDENCIA"
1294;"EL HIELO"
1295;"LA DALIA"
1296;"JOYA DEL BLANCO"
1297;"CAMPO 2"
1298;"RIO ROJO"
1299;"LOS ANISES"
1300;"OJOS DE AGUA COMAYAGUA"
1301;"SAN JOSE DE COMAY"
1302;"LOS ZOMPOPEROS"
1303;"LAS MANZANAS"
1304;"ALDE ALE PORVENIR"
1305;"LAGUNA SECA"
1306;"HIGUERONES"
1307;"ALDEA CHAPARAL"
1308;"PUERTA DEL POTRERO"
1309;"SAN JOSE DE COMAYAGUA"
1310;"SAN SEBASTIAN"
1311;"ALDEA EL ESPINO"
1312;"CHILALEZA"
1313;"MALALEGUA"
1314;"AGUA SALADA"
1315;"LA PEÑITA"
1316;"Santos Discua, Siguatepeque"
1317;"Siguatepeque"
1318;"BARIO EL CENTRO"
1319;"BO. SUYAPITA"
1320;"BO EL CARMEN"
1321;"OJOS DE AGUA"
1322;"LA TIGRA"
1323;"PURAN"
1324;"LA CUCHILLA, SIGUATEPEQUE"
1325;"EL CALICHE"
1326;"BARRIO MARACUYA"
1327;"COLONIA JUAN DE LA CRUZ AVELAR"
1328;"TRES DE SEPTIEMBRE"
1329;"BARRIO SAN JUAN"
1330;"BRISAS DEL BOSQUE"
1331;"CASERIO ORIENTE"
1332;"BALIBREA"
1333;"BUENAS CASAS"
1334;"SAN DIMAS INMEDIACIONES CARRETERA DEL NO"
1335;"AGUAS DEL PADRE"
1336;"SABANAS DE OCOTE"
1337;"LA GERMANIA"
1338;"BO ZARAGOSA"
1339;"LA LAGUNA NO. 1"
1340;"BARRIO LOA COLINAS"
1341;"TAUPAZ"
1342;"ALDEA SAN FERNANDO"
1343;"BARRIO SAN ANTONIO"
1344;"BUEN VISTA"
1345;"COLONIA ANTONIO MATA"
1346;"BO EL PARNASO"
1347;"BARRIO ABAJO, SIGUATEPEQUE"
1348;"BO. ZARAGOZA"
1349;"ALDEA EL POTRERON"
1350;"BO. CALANTERIQUE"
1351;"EL SAUCE"
1352;"EL CAONAL"
1353;"SOCORRO DE LA PEÑITA"
1354;"ALDEA BUENA VISTA"
1355;"LA CRUSITA"
1356;"SANTA MARTHA CALLE 3, 2-3 AVENIDA"
1357;"EL PITO"
1358;"CHORRERITAS"
1359;"SAN IGNACIO"
1360;"RIO BONITO"
1361;"ALDE ACHUIGUITES"
1362;"BO. EL CENTRO AGUA DULCE"
1363;"GUARAJAO NUEVO"
1364;"STA. CRUZ DEL DULCE"
1365;"BO. BUENOS AIRES"
1366;"EL RINCON LA MISMA"
1367;"BARRIO EL PARNASO 1CY 2C 9 Y 1 AVE."
1368;"BARRIO EL CARMEN"
1369;"BARRIO SAN MIGUEL"
1370;"SANTA CRUZ DEL DULCE"
1371;"VILLA ALICIA"
1372;"BO. MACARUYA"
1373;"COL JUAN AVELAR"
1374;"COL ANTONIO MATHA"
1375;"EL CARMEN"
1376;"BO SANTA MARIA"
1377;"JARDINES"
1378;"PITO SOLO"
1379;"BACADIA"
1380;"TAULABE"
1381;"SAN ANTONIO DE BACADIA"
1382;"LA UNION BUEVISTA"
1383;"QUEBRADAS YURE"
1384;"EL PLAYON"
1385;"EL CANTILLANO"
1386;"FRENTE AL CAMPO DE FOOT BALL"
1387;"LA UNION DE SAN ANTONIO"
1388;"EL PALMICHAL BARRIO EL CARMEN"
1389;"ALDEA EL PEÐON"
1390;"ALDE AEL CHAPARRAL"
1391;"LA CEIBITA"
1392;"LAJAS"
1393;"EL HAGUITE"
1394;"LOS LLANOS"
1395;"BUENA VISTA DE VARSOVIA"
1396;"BRISAS DE BACARIA"
1397;"QUEBRADITAS"
1398;"SAN ANTONIO DE YURE"
1399;"LAS ALEJANDRAS"
1400;"LA ANGOSTURA"
1401;"CAMALOTES"
1402;"ALDEA VARSOVIA"
1403;"ALDEA EL CERRON"
1404;"TERRERO BLANCO"
1405;"OCOMAN"
1406;"MOTAÐUELAS"
1407;"JAITIQUE"
1408;"LA MISION"
1409;"COL. LAUNION"
1410;"VARSOVIA"
1411;"BARRIO SAN MIGUEL CERRO AZUL"
1412;"BO. EL CARMEN"
1413;"PUENTE NEGRO"
1414;"BO. EL CAMPO"
1415;"Aldea Los Hornos"
1416;"BARRIO ESQUIPULAS"
1417;"SAN BENITO"
1418;"FLORES"
1419;"PEPINEROS"
1420;"CHAGUITE GRANDE"
1421;"PALOS BLANCOS"
1422;"EL VARILLAL"
1423;"LAS MORAS"
1424;"LAS BOTIJAS"
1425;"EL AMATILLO"
1426;"ALDEA QUEBRADA HONDA"
1427;"RANCHO CHIQUITO"
1428;"ALDEA EL CIMIENTO"
1429;"PROTECCION"
1430;"BARRIO EL CAMPO"
1431;"BO. SAN RAFAEL"
1432;"QUEBRADA HONDA"
1433;"VILLA SAN ANTONIO"
1434;"PUENTE NEGRO VILLA SAN ANTONIO"
1435;"EL COQUITO"
1436;"SAN NICOLAS"
1437;"VILLA DE SAN ANTONIO"
1438;"FATIMA"
1439;"COL. CRISTOMO MARCIA"
1440;"NUEVA CEIBITA"
1441;"ALDEA OCOTES CAIDOS"
1442;"JAMALTECA"
1443;"COL. IRLANDA"
1444;"JARDINES NO.2"
1445;"PLAN DE LA LAGUNA"
1446;"COLONIA CONCEPCION"
1447;"TRES PINOS"
1448;"LOS MONZONES"
1449;"LA LAGUNA BUENA VISTA"
1450;"LOS CELEQUITOS"
1451;"SEIS DE NOVIEMBRE"
1452;"14 DE JULIO"
1453;"ALDE LA CEIBITA"
1454;"DELICIAS"
1455;"JARDINES 1"
1456;"AL DE TALAGUITA"
1457;"POTRERO SUCIO"
1458;"ALDEA FATIMA, SAN JERONIMO"
1459;"VALLECILLO"
1460;"CERRO GRANDE"
1461;"LAS ARAIDAS"
1462;"LAS DANTAS"
1463;"LLANO DE LA PUERTA"
1464;"LA LAGUNA JACINTILLOS"
1465;"PLAN DE LEONES"
1466;"SAN ANTONIO DE LA CUESTA"
1467;"COL IRLANDA"
1468;"LAS ARADAS"
1469;"LAS CRUSITAS"
1470;"TALANGUITA LA ALDEA"
1471;"GORRIONES SAN LUIS"
1472;"SAN LUIS"
1473;"BARRIO LA ESPERANZA"
1474;"EL ZUMBIDO"
1475;"ALDEA SAN RAFAEL"
1476;"LOS ZACATALES"
1477;"LAS QUEBRADAS"
1478;"LOS TRES PALOS"
1479;"QUEBRADA AMARILLA"
1480;"LOMA PELADA"
1481;"LOS TROJES"
1482;"ALDEA PLAN GRANDE"
1483;"TRES PALOS"
1484;"ANIZALES"
1485;"EL SUMBIDO"
1486;"LIQUIGUE"
1487;"SAN RAFAEL 8 KM AL OESTE"
1488;"ALDEA EL PLAYONCITO"
1489;"LOS POZOS"
1490;"QUELEPA"
1491;"ALDEA EL SIFON"
1492;"LO DE REYNA"
1493;"EL MISTERIO"
1494;"EL SIFON"
1495;"FRENTE ALA CALLE PRINCIPAL"
1496;"AJUTERIQUE BO. LOS ANGELES"
1497;"BARRIO CONCEPCION"
1498;"BARRIO BELLA VISTA LA ZAREITA"
1499;"Barrio Moraz?n Frente al Hospital Bogran"
1500;"VALLE DE ANGELES COMAYAGUA"
1501;"EL CIRUELO"
1502;"COL. PRIMERO DE MAYO"
1503;"BARRIO SANTA LUCIA"
1504;"PALO PINTADO"
1505;"EL EDEN, COMAYAGUA"
1506;"BO. EL TORONDON"
1507;"BARRIO LOS DOLORES"
1508;"BARRIO LA ZARCITA, COMAYAGUA"
1509;"ALDEA EL TULE"
1510;"SANTA ROSA DE NUENAS NOCHES"
1511;"ASENTAMIENTO EL ROSARIO"
1512;"COMUNIDAD DE LA LAGUNA 3"
1513;"DELICIAS DE AGUA FRIA"
1514;"COLONIA FIALLOS"
1515;"EL OCOTILLAL"
1516;"BO LOURDES"
1517;"TENGUAJE"
1518;"EL TAMBORAL"
1519;"SAN ANTONIO DE CANAS"
1520;"ASENTAMIENTO CAMPESINO EL TALADRO"
1521;"CONCEPCION DE RIO BLANCO"
1522;"EL MATASANO"
1523;"COL. SAN MIGUEL NO 2"
1524;"ALDEA QUEBRADA DE AGUA"
1525;"SAN JOSE DEL INJERTO"
1526;"BO BUENA ESPERANZA"
1527;"MATA DE CAÑA"
1528;"SAN JOSE DE LA MORA"
1529;"COL NUEVA VALLADOLID SUR"
1530;"COL 21 DE ABRIL"
1531;"SAN ANTONIO DEL MATAZANO"
1532;"ALDEA LA CIDRA"
1533;"EL PAJONAL"
1534;"ASENTAMIENTO IVAN BENTACOURTH"
1535;"COLONIA LOS JASMINEZ"
1536;"EL CANTORAL"
1537;"LA COOPERATIVA"
1538;"COL NUEVA COMAYAGUA"
1539;"ALDEA EL MOTATAL"
1540;"LOS CASCABELES"
1541;"CARBONERAS EL PEÑON"
1542;"PLAN DE LA ROSA"
1543;"LA PALMA"
1544;"PALMEROLA II"
1545;"BO SAN BLAS COSTADO OESTE DE LA IGLESIA"
1546;"LA ESCALERA"
1547;"BO LA INDEPENDENCIA"
1548;"PALMEROLA I"
1549;"ALDEA DE AGUA FRIA"
1550;"SAN MIGUEL DE SELGUAPA"
1551;"ALDEA CONCEPCION DEL HORNO"
1552;"ALDEA EL VOLCAN"
1553;"SANTA RITA DE LOS EMPATES"
1554;"EL RESUMIDERO"
1555;"PLANES DE CHURUNE"
1556;"MOTAGUA DEL ROBLITO"
1557;"ALDEA DE PLANES DEL HORNO"
1558;"CHARAMUSCA"
1559;"ALDEA SAN JOSE DE RIO BLANCO"
1560;"BO SAN ANTONIO DEL LA SABANA"
1561;"LAS ANONAS"
1562;"ALDEA LAS MARIAS"
1563;"LOMAS DEL CORDERO"
1564;"ALDEA DE SAN JOSE DE PANE"
1565;"CACAHUAPA"
1566;"NUEVA VALLADOLID"
1567;"LA FLOR"
1568;"ALDEA CARBONERAS"
1569;"ALDEA LA JAGUITA"
1570;"EL TALADRO"
1571;"ALDEA EL PARAISO"
1572;"LA SAMPEDRANA"
1573;"ALDEA LAS LICONAS"
1574;"PIEDRAS AZULES"
1575;"ALDEA VERACRUZ"
1576;"SAN ANTONIO DE LA LIBERTAD"
1577;"PORTILLO DE LA MORA"
1578;"BARRIO TORONDON"
1579;"BO CABANAS ALEDANO A ESTADIO HISPANO"
1580;"BO ARRIBA CENTRO"
1581;"BO. ARRIBA"
1582;"EL ROBLITO"
1583;"LAS LICONAS"
1584;"LA MEZA"
1585;"LA JAGUITA"
1586;"SAN JOSE DE PANE"
1587;"EL PORTILLO DE LA MORA"
1588;"LOS EMPATES"
1589;"COLONIA LOS JAZMINES"
1590;"KM,87 CARRETERA AL NORTE S.P.S."
1591;"MATA DE CAÐA"
1592;"ASENTAMIENTO IVAN BETANCOURTH"
1593;"CONCEPCION"
1594;"EL VOLCAN"
1595;"COLONIA EL BOQUIN"
1596;"EL MATATAL"
1597;"PALMEROLA"
1598;"COLONIA EL MILAGRO DE DIOS"
1599;"COLONIA PRIMERO DE MAYO"
1600;"COLONIA VALLADOLID"
1601;"BARRIO LA CARIDAD"
1602;"BARRIO LA INDEPENDENCIA"
1603;"BO. SAN SEBASTIAN"
1604;"SAN ANTONIO DE LA SABANA"
1605;"B. SANTA LUCIA"
1606;"DEL VALLE"
1607;"CAPUCAS"
1608;"GUALME"
1609;"LOMA ALTA"
1610;"PLATANOS"
1611;"EL SUPTILLO"
1612;"PACAYAS"
1613;"LAS MESITAS"
1614;"PASHAPO"
1615;"JIMILILE"
1616;"CONQUIN"
1617;"CORQUIN COPAN"
1618;"BOCA DEL MONTE"
1619;"SAN JOSE DEL BOSQUE"
1620;"PRIMER EDIF. ENTRADA PRINCIP."
1621;"PLAN DEL NARANJO"
1622;"EL CAMALOTE"
1623;"EL BALSAMO"
1624;"YARUCONTE"
1625;"VEGA REDONDA"
1626;"YARUCANTE"
1627;"LA JIGUA"
1628;"EL SISIN"
1629;"TORRECILLAS"
1630;"TECOMAZUCHE"
1631;"PUENTE GOASCORAN"
1632;"ALDEA NUEVA"
1633;"LA TEJERA"
1634;"CHEPELARES"
1635;"EL CAMPANARIO"
1636;"VALLE MAGDALENA"
1637;"LA CUCHILLA PLATANARES"
1638;"PIEDRA PINTADA"
1639;"VALLE MAGDELENA"
1640;"BO EL ALTO"
1641;"EL MASICAL"
1642;"EL BORBOLLON"
1643;"EL OCOTON"
1644;"SAN RAYMUNDO"
1645;"TIERRA COLORADA"
1646;"SAN JOAQUIN"
1647;"PEÐA BLANCA"
1648;"LA ZUMBADORA"
1649;"DOLORES, COPÀN"
1650;"EL ESPIRITU"
1651;"FLORIDA"
1652;"EL ALTO"
1653;"EL GAUAYABO"
1654;"NUEVA VIRTUD"
1655;"SAN JOSE DE LAS FLORES"
1656;"FTE CANCHA DE FUTBOL"
1657;"DUBONES"
1658;"ERMITAÐO"
1659;"EL JARDIN"
1660;"EL GUANAL"
1661;"MARAZUL"
1662;"DORMITORIO 2"
1663;"EL CALICHON"
1664;"3 KMS AL NORTE DE POTRERILLOS"
1665;"LAS JUNIAPAS"
1666;"SANTA CLARA"
1667;"LA ELENCIA"
1668;"SIETECUCHILLAS"
1669;"BARRANCA GRITA"
1670;"LAS FLORES TECHIN"
1671;"SAN LORENZO TECHIN"
1672;"RASTROJITOS"
1673;"GRITADERO"
1674;"EL ROSARIO"
1675;"BERLIN"
1676;"PASTOREADERO"
1677;"CONCEPCION BARRANCAS"
1678;"LAGUNA VILLA HERMOSA"
1679;"PORVENIR"
1680;"CONSEPCION BARRANCAS"
1681;"CHALMECA"
1682;"Nueva Arcadia"
1683;"BO. MIRAFLORES"
1684;"LA ENTRADA"
1685;"TRES CRUCES"
1686;"COL. BENITO MONTOYA"
1687;"LAS CONCHAS"
1688;"LAS BODEGAS"
1689;"LOSLLANITOS"
1690;"SANTA LUZ"
1691;"CUCHILLA ZAPA"
1692;"VALLE LAVENTA"
1693;"LOS TANGOS"
1694;"QUEBRADA SECA"
1695;"LA VENTA"
1696;"SANTA LUZ, NUEVA ARCADIA"
1697;"BO.MIRAFLORES"
1698;"COL VANESSA"
1699;"COL. SUYAPA"
1700;"BO EL DORADO"
1701;"BO EL TRIANGULO"
1702;"BARRIO LA JOYA"
1703;"LAS JUNTAS"
1704;"BARRIO MORAZAN"
1705;"NARANJALES"
1706;"MIRASOLITO II"
1707;"MIRASOLITO 1"
1708;"MOTAGUA"
1709;"EL GUARUMAL"
1710;"CUMBRE SAN JUAN"
1711;"PUBLO VIEJO"
1712;"DESCOMBROS"
1713;"EL PINALITO"
1714;"MARIPOSAL"
1715;"BO MORAZAN"
1716;"CABA?AS"
1717;"BAÐADEROS"
1718;"VERTIENTES"
1719;"CANDELARIA"
1720;"SAN JUAN"
1721;"Copan Ruinas"
1722;"BARRIO BUANA VISTA"
1723;"HACIENDA ROSALILA"
1724;"LA PINTADA"
1725;"CHILAR"
1726;"TESORITOS"
1727;"EL ENCIO"
1728;"EL CHILCAL"
1729;"RINCON DEL BUEY"
1730;"AGUA BUENA"
1731;"CHONCO"
1732;"CARRIZALITO"
1733;"LA ESTANZUELA"
1734;"EL CARRIZALON"
1735;"EL CISNE"
1736;"CORRALITO"
1737;"LLANETILLOS"
1738;"EL CORDONCILLO"
1739;"PORVENIR PRIMERO"
1740;"OSTUMAN"
1741;"SESESMIL SEGUNDO"
1742;"SAN CRISTOBAL"
1743;"JUBUCO COLON"
1744;"UNION CEDRAL"
1745;"NUEVA ARMENIA"
1746;"SESESMIL NO 1"
1747;"HACIENDA GRANDE"
1748;"MONTE LOS NEGROS"
1749;"LA ESTANZUELA COPAN RUINAS"
1750;"CARRIZALON"
1751;"CUCUYAGUA"
1752;"BO.CONCEPCION"
1753;"7MO.BATALLON INFANTERIA"
1754;"LLANO DEL COYOL"
1755;"JILILIGUA"
1756;"LA FRONTERA"
1757;"EL BARRIAL"
1758;"COL SAN ANTONIO"
1759;"EL METAL"
1760;"EL AJAGUAL"
1761;"CAPUQUITAS"
1762;"EL BARBASCO"
1763;"PLANES ABAJO"
1764;"CASA QUEMADA"
1765;"LOS PLANES DE ARRIBA"
1766;"GUALTAYA"
1767;"EL NISPERO"
1768;"SAN JOSE PALMAS"
1769;"EL PORTILLO, CUCUYAGUA"
1770;"EL TRANSITOCUCUYAGUA"
1771;"CARTAGUA"
1772;"ALDEA OJOS DE AGUA"
1773;"ALDEA EL PORTILLO"
1774;"BO.STA.TERESA"
1775;"BO.EL CARMEN"
1776;"PRADO ALTO"
1777;"LAS CALERAS"
1778;"DULCE NOMBRE DE COPAN"
1779;"PRADO DE LA CRUZ"
1780;"BARRIO PORVENIR"
1781;"BO PORVENIR"
1782;"LA PEÐA"
1783;"EL MANGUITO"
1784;"RIO LINDO"
1785;"EL MANACALA"
1786;"SAN ANTONIO CRUCITAS"
1787;"LA PLAYONA"
1788;"EL TESORO"
1789;"EL MACANAL"
1790;"EL PARAISO COPAN 3"
1791;"BO LA CRUZ"
1792;"LAS MONAS"
1793;"EL KELIX"
1794;"LOS SUPTES ARRIBA"
1795;"EL PORTILLO"
1796;"LA ARENA"
1797;"SAN MIGUEL"
1798;"SAN ANDRES MINAS"
1799;"EL TRIGO"
1800;"LOS ARROYOS"
1801;"LA UNION COPAN"
1802;"RIO SECO"
1803;"DESVIO LOS PLANES"
1804;"EL PLAN"
1805;"VIVISTORIO"
1806;"SAN JOSE DE COPAN"
1807;"EL ACHIOTAL"
1808;"EL MODELO"
1809;"NUEVA CONCEPCION DEL CARMEN"
1810;"BARRIO EL PROGRESO"
1811;"BO.EL PROGRESO"
1812;"ALDEA EL ARCHIOTAL"
1813;"SAN PEDRO DE COPA"
1814;"boca del monte, san pedro, copan"
1815;"San Pedro"
1816;"AJAGUAL"
1817;"CEDROS CHILE"
1818;"LESQUINES"
1819;"AZAHARILLO"
1820;"EL PLANON"
1821;"LA CIDRA"
1822;"PLATANARES"
1823;"YAUNERA"
1824;"BO.LA TEJERA"
1825;"BO SAN ANTONIO"
1826;"SAN JUAN OPOA"
1827;"LA CEIBA RABONA"
1828;"GUARUMAS"
1829;"COLATINA"
1830;"LA MONTAÑITA"
1831;"TORIHUAQUE"
1832;"EL CONTAMAL"
1833;"LINDEROS"
1834;"CEBRATANA"
1835;"VALLE MARIA AUXILIADORA"
1836;"EL PINAL"
1837;"CONTAMAL"
1838;"SANTA RITA"
1839;"LA LEONITA"
1840;"LONDRES"
1841;"LAS DELICIAS SANTA RITA"
1842;"LA CASTELLONA"
1843;"EL PEDERNAL"
1844;"TIERRA FRIA II"
1845;"PINABETON"
1846;"CAMPAMENTO"
1847;"LOS PLANES DE LA BREA"
1848;"LOS ACHIOTES"
1849;"UNION OTUTA"
1850;"EL MIRADOR"
1851;"MIRASOL"
1852;"RIO BLANCO"
1853;"TIERRA FRIA I"
1854;"EL JARAL"
1855;"LOS RANCHOS"
1856;"EL CAMPAMENTO"
1857;"RIO AMARILLO"
1858;"Barrio el Carmen, frente a posta policial"
1859;"COL PRADO ALTO"
1860;"COL OSORIO"
1861;"QUESAILICA"
1862;"Santa Rosa de Copán"
1863;"BARRIO MEJIA G"
1864;"XII. BATALLON DE INF."
1865;"DIVINA PROVIDENCIA"
1866;"MAICUPA"
1867;"LOS NARANJOS"
1868;"EL COYOLAR"
1869;"LOS ANGELES"
1870;"COL LOMA LINDA"
1871;"BELEN"
1872;"QUEZAILICA"
1873;"EL CORRALITO"
1874;"3 KM ABAJO DEL REGISTRO"
1875;"EL CONA QUEZAILICA"
1876;"LA ESPERANCITA"
1877;"EL CALLEJON"
1878;"LAS SANDIAS"
1879;"YARUSHIN"
1880;"CALZONTES"
1881;"OMORILACA"
1882;"TRINCHERAS"
1883;"BARRIO SANTA TERESA"
1884;"OROMILACA"
1885;"COL.ING.ELDER ROMERO"
1886;"EL SALITRILLO"
1887;"COL SUYAPA"
1888;"BO SAN MARTIN SECT CHORRERON"
1889;"BO.LA CUCHILLA"
1890;"SANTA ROSA DIV PROVIDENCIA"
1891;"IA"
1892;"COL CENTENARIO"
1893;"COL GABRIEL HERNANDEZ"
1894;"COL. FIGUEROA POR EL ESTADIO MIRAFLORES"
1895;"COL LOMA LINDA SANTA ROSA"
1896;"COL SANTA EDUVIGES"
1897;"EL DERRUMBO"
1898;"BARRIO CALVARIO"
1899;"BO DOLORES ENTRADA"
1900;"BO SANTA TEREZA 1RA AVE 251"
1901;"SAN JUAN PLANES"
1902;"TRINIDAD"
1903;"LEPAERITA"
1904;"TRINIDAD COPAN"
1905;"SAN ANTONIO DE VERACRUZ"
1906;"VERACRUZ"
1907;"SAN FRANCISCO DEL CEIBON"
1908;"COLONIA LOPEZ ARELLANO"
1909;"aldea ramon villeda morales"
1910;"BO LA PRIMAVERA 2DA CALLE LOCAL ESC MARCELINO PINEDA"
1911;"COLONIA LAS TORRES"
1912;"COLONIA BELLA VISTA"
1913;"NUEVA JUTOSA"
1914;"ALDEA RIO BIJAO"
1915;"LA GALVEZ"
1916;"1 CUADRA Y MEDIA PULPERIA SANTA BARBARA"
1917;"Choloma"
1918;"MONTERREY"
1919;"BO. LA COLONIA, CONTIGUO IGLESIA REFORMA"
1920;"BARRIO TRINCHERAS"
1921;"COL.LOPEZ ARELLANO"
1922;"BARRIO EL CHAPARRO"
1923;"MARIAS Y PLANES"
1924;"COL. LA MAGNOLIA"
1925;"LAS COLINAS , SECTOR LOPEZ ARELLANO"
1926;"COL CERRO VERDE"
1927;"COLONIA LAS CASCADAS"
1928;"COL.LAS LOMAS"
1929;"COL. LAS PILAS"
1930;"RES.SAN CARLOS ULTIMA CALLE,ATRAS DEL 3ER. PARQUEO"
1931;"TICAMAYA"
1932;"COL. MONTE VERDE"
1933;"COLONIA JOSE ARMANDO GALE"
1934;"COLONIA VICTORIA"
1935;"COL EXITOS N2"
1936;"COLONIA VISTA HERMOSA"
1937;"COL INES CARRANZA BARNICA"
1938;"CHOLOMA, LAS UNIDAD"
1939;"COLONIA LAS COLINAS"
1940;"AGUA PRIETA"
1941;"COLONIA LIBERTAD"
1942;"BUENOS AIRES, 5 KMS. ANTES DEL CAMPO DE FOOT-BALL"
1943;"ALDEA ROCLAND"
1944;"SAN ANTONIO DE LAS QUEBRADAS"
1945;"JARDINES DEL NORTE"
1946;"COL SANTA FE"
1947;"COLONIA LA MORA"
1948;"ALDEA WALLER ADENTRO"
1949;"ALDEA EL CHORRERON"
1950;"ALDEA EL BARRAL"
1951;"ALDEA LA LECHUGA N2"
1952;"SAN ANTONIO QUEBRADA SECA FRENTE EMPRESA DEMAHSA"
1953;"ALDEA LOS CARAOS"
1954;"BUENOS AIRES CHACHAGUALA"
1955;"ALDEA SAN MARCOS DE MAJAINE"
1956;"ALDEA DE CERRO NEGRO"
1957;"ALDEA GUANACASTE"
1958;"SANTA MARTA"
1959;"ALDEA LAS FLORES"
1960;"ALDEA BANDERAS"
1961;"COLONIA CEDEN"
1962;"LA PROTECCION FRENTE AL CAMPO DE FUTBOL"
1963;"BO TRINCHERAS"
1964;"COLONIA LOPEZ"
1965;"CALLE PRINCIPAL DE LA ALDEA LAS DELICIAS"
1966;"BUENOS AIRES DE CALIFORNIA"
1967;"SAN JOSE DE LOS LAURELES"
1968;"POZA DEL RIEL"
1969;"LA BUESO"
1970;"ALDEA EL OCOTILLO OCCIDENTAL"
1971;"ALDEA VICTORIA DE CRISTALES RANCHO MINA"
1972;"WALLER BORDO"
1973;"EL HIGUERO CALLE PPAL 2 CUADRAS ADELANTE DEL MINISUPER"
1974;"MONTANUELA"
1975;"ALDEA LA DAVIS"
1976;"ALDEA LA DANTA"
1977;"ALDEA LA GALVEZ"
1978;"ALDEA EL RANCHO"
1979;"RIO BLANQUITO"
1980;"BO EL CENTRO 1Y3 CALLE 2 AVE S O"
1981;"BO EL ABAJO 4 CALLE 4 AVE"
1982;"O 4 CALLE 4 AVE"
1983;"COL. EXISTOS DE ANACH"
1984;"SECTOR MERCADITO, BO. SAN ANTONIO"
1985;"LAS PILAS CALLE PRINCIPAL"
1986;"ALDEA EL HIGUERO, BAJOS DE CHOLOMA"
1987;"INVACION LAS TORREZ"
1988;"COL.CERRO VERDE"
1989;"BO.PUEBLO NUEVO"
1990;"SAN JOSE DE LOS LAURELES CALLE PPAL FTE AL CAMPO DE FUTBOL"
1991;"COLONIA LAS CASTAÐAS"
1992;"COLONIA ONCE DE ABRIL"
1993;"ENTRADA ALBARRIO TRINCHERAS, 1RA. CALLE"
1994;"ATRAS ZIP CHOLOMA"
1995;"COL TWANA"
1996;"COL LOPEZ ARELLANO"
1997;"BO. CENTRO"
1998;"EL CENTRO CHOLOMA, BARRIO EL CENTRO"
1999;"COL SAN CRISTOBAL"
2000;"COL. FILADELFIA"
2001;"COLONIA PALNETA, LA LIMA"
2002;"COL LIMA"
2003;"LIMA NUEVA, LA LIMA"
2004;"SIBONEY, VILLANUEVA"
2005;"COLONIA GUARUMA UNO, LA LIMA"
2006;"COPEN NUEVO"
2007;"COMUNIDAD COPEN VIEJO"
2008;"COL. NUEVO SAN JUAN"
2009;"17 DE ENERO, CALLE CONDUCE A CEIBITA"
2010;"LA LIMA COL. FILADELFIA"
2011;"EL PARAISO, DESVIO A 400 METROS, LA LIMA"
2012;"MILLA TRES"
2013;"SANTO TOMAS"
2014;"MASCA"
2015;"NUEVO TULIAN"
2016;"CHIVANA"
2017;"BARRIO LAS FLORES"
2018;"BO.EL CENTRO"
2019;"MONTE DE LOS OLIVOS, ARRIBA DE LA ALDEA RIO CHIQUITO"
2020;"LAS JOYAS"
2021;"NUEVA PALMA REAL"
2022;"BARRA DE CUYAMEL"
2023;"SAN MIGUELITO"
2024;"BRISAS DEL RIO NEGRO"
2025;"SAN RAFAEL DE COROZAL"
2026;"DE SAN CARLOS A 4 KMS. A LA CORDILLERA DEL MERENDON"
2027;"LA VENADA"
2028;"TIERRA SANTA"
2029;"CHACHAHUALA"
2030;"CORTESITO"
2031;"10 KMS. CAMINO ARRIBA DE LA COMUNIDAD DE TEGUCIGALPITA"
2032;"BARBAS CHELES"
2033;"SANTO DOMINGO"
2034;"SUYAPA FRONTERA"
2035;"SAN JOSE DE JALISCO"
2036;"MUCHILENA"
2037;"CORINTO"
2038;"LA CAMISA"
2039;"TULIAN"
2040;"SAN CARLOS"
2041;"CUYAMELITO"
2042;"LEMPIRA"
2043;"FRENTE IGLESIA CATOLICA"
2044;"ALDEA SANTIAGO"
2045;"BARRIO EL PLAYON, PIMIENTA"
2046;"ALDEA LA VENTA"
2047;"BO EL TANQUE"
2048;"SANTIAGO"
2049;"PIMIENTA VIEJO"
2050;"BO EL CENTRO NUEVA PIMIENTA"
2051;"PIMIENTA VIEJA"
2052;"BO.EL TANQUE"
2053;"SANTIAGO PIMIENTA"
2054;"NUEVA PIMIENTA"
2055;"ALDEA SABANA DE SUAREZ"
2056;"BEJUCO"
2057;"BO. SAN PABLO"
2058;"BARRIO MORAZAN, POTRERILLOS"
2059;"CASERIO NUEVO MUNDO"
2060;"COMUNIDAD HIGUERITO CENTRAL"
2061;"ALDEA EL TRIUNFO"
2062;"BO SAN JOSE"
2063;"COLONIA MORELOS"
2064;"BO EL PEDREGAL"
2065;"LA GARROBA"
2066;"POTRERILLOS, EL CARACOL"
2067;"ALDEA SAN MIGUEL"
2068;"CAMPO BLANCO"
2069;"ALDEA MANACAL"
2070;"COL. CRUZ ROJA"
2071;"FRENTE A CARRETERA INTEROCEANICA"
2072;"EL TULE, CONTIGUO A PROPIEDAD DE ROBERTO CRUZ"
2073;"COL MORELOS POTRERILLOS CORTES"
2074;"COL. CALLEJAS MARADIAGA"
2075;"LA GARROBA POTRERILLOS"
2076;"COL INFOP POTRERILLOS"
2077;"SABANA DE SUAREZ"
2078;"COL CANADA"
2079;"CORDONCILLOS"
2080;"NUEVA GRANADA"
2081;"Col. San Juan"
2082;"El Encanto"
2083;"NUEVA UNION"
2084;"ALDEA AGUA SARCA"
2085;"EL LANILLAL"
2086;"LOS OVITOS"
2087;"ALDEA EL OVAL"
2088;"COLONIA SAN JUAN"
2089;"EL VALLECITO"
2090;"ALDEA QUEBRADA SECA"
2091;"EL PORVENIR DE CALERAS"
2092;"ALDEA LOS POTRERILLOS"
2093;"ALDEA SANTA ROSITA"
2094;"ALDEA LA PROVIDENCIA"
2095;"CUESTA DEL PERICO"
2096;"ALDEA LA CHACHONA"
2097;"EL JIMERITO SAN ANTONIO DE CORTES"
2098;"ALDEA EL ENCANTO"
2099;"ALDEA LOMA LARGA"
2100;"BO FUENTES BARAHONA FRENTE PARQUE"
2101;"PLAN VERDE, SAN ANTONIO DE CORES"
2102;"CENTRO DE LA ALDEA"
2103;"SANTA ROSITA, SAN ANTONIO DE CORTES"
2104;"LA CHACHONA"
2105;"ALDE LAS CASITAS"
2106;"EL SITIO, SAN ANTONIO"
2107;"SAN ANTONIO DE CORTES"
2108;"ALDEA EL GOLFO"
2109;"ALDEA CUESTA DEL PERICO, AN ANTONIO DE CORTES"
2110;"Nueva Esperanza/Santa Cruz de Yojoa"
2111;"SAN FRANCISCO DE YOJOA"
2112;"CAÑAVERAL, SAN FCO"
2113;"BARRIO SUBIRANA"
2114;"COL. 1RO. DE NOVIEMBRE, 2 CLL., BLOQUE 2"
2115;"QUEBRADAS DE AGUA"
2116;"BO BUENOS AIRES RIO LINDO"
2117;"ALDEA EL BORBOTON"
2118;"LA VIRTUD"
2119;"ALDEA LOS HULES"
2120;"TAPIQUILARES"
2121;"CANAVERAL"
2122;"SAN BUENAVENTURA"
2123;"L BORBOTON"
2124;"BO. LAS BRISAS, JUZGADO DE PAZ, FRENTE A IGLESIA ASAMBLEAS"
2125;"LA QUIMICA"
2126;"LOS HULES"
2127;"CAÑAVERAL"
2128;"IGLESIA ASAMBLEA DE DIOS BO.SINAI"
2129;"BO.SUYAPA"
2130;"COL. LA GUADALUPE"
2131;"COLONIA PINEDA"
2132;"LA SABANA"
2133;"SAN MANUEL"
2134;"COL. OMONITA DENTRO DE LA ESC. OMONITA"
2135;"BRISAS DEL PLAN"
2136;"CAMPO CAZANAVE, SAN MANUELO"
2137;"BUENA ESPERANZA # 2"
2138;"COL REYES CABALLERO"
2139;"ASENTAMIENTO LA DEMOCRACIA"
2140;"COOWLE"
2141;"TACAMICHE"
2142;"Colonia La Sabana 21 Ave. 7 Calle. Atras del Instituto Jos?"
2143;"Col El Carmen"
2144;"LAGUNA DE TEMBLADERAS"
2145;"VILLA DEL CARMEN"
2146;"COL. SUYAPA 4 Y 5 CALLE 4 Y 5 AVE"
2147;"COL VILLA ERNESTINA"
2148;"COL MODELO"
2149;"BO CONCEPCION"
2150;"BO RIO BLANCO"
2151;"BARRIO MEDINA"
2152;"COL JERONIMO SANDOVAL"
2153;"COL. MUNICIPAL"
2154;"CHOTEPE"
2155;"BO LAS PALMAS"
2156;"COL. JUAN LINDO CALLE PRINCIPAL"
2157;"COL LA FORTALEZA"
2158;"COL MONTEFRESCO"
2159;"COL SEIS DE MAYO"
2160;"COL.PRADERA AREA C"
2161;"COL. FELIPE ZELAYA"
2162;"ASENTAMIENTO HUMANO"
2163;"SAN JOSE V"
2164;"LOMAS DEL CARMEN"
2165;"COL. GRACIAS A DIOS"
2166;"SAN PEDRO SULA, COLONIA BUENOS AIRES"
2167;"COLONIA 9 DE MAYO, COFRADIA"
2168;"SAN PEDRO SULA"
2169;"COL SATELITE"
2170;"BRISAS DEL VALLE # 2, COFRADIA"
2171;"COL. LA PRADERA"
2172;"EL ZAPOTAL ALDEA"
2173;"COL. LAS BRISAS"
2174;"BO. CABAÑAS"
2175;"BRISAS DEL VALLE"
2176;"BO. GUAMILITO"
2177;"CHAMELECON, COLONIA 10 DE SEPTIEMBRE"
2178;"BARRANDILLAS"
2179;"BARRIO LA GUARDIA, AVENIDA NEW ORLEANS"
2180;"COL. FESITRANH ENTRADA PRINCIPAL, UNA CUADRA A LA DERECHA"
2181;"COL SAN JOSE"
2182;"N JOSE"
2183;"COMUNIDAD STIBYS, SAN PEDRO SULA"
2184;"COL SAN JORGE SECTOR DE COFRADIA"
2185;"BARRIO MEDINA, CONCEPCIÒN 5TA. CALLE"
2186;"LA UNION PITA"
2187;"COL.FESITRANH"
2188;"5 CALLE 6 AVE N.O BO GUAMILITO"
2189;"BARRIO CABANAS"
2190;"COLONIA JERONIMO SANDOVAL CALLE PRINCIPAL A LA COL. SATELITE"
2191;"GUADALUPE DE CORTES"
2192;"COL. CALPULES"
2193;"COL RIVERA HERNANDEZ, FRENTE AL PARQUE CARLOS ALBERTO RIVERA"
2194;"COL. PALMIRA, SECTOR CHAMELECON"
2195;"COL. JESUS R. GONZALES"
2196;"COLONIA PERPETUO SOCORRO"
2197;"LA AMISTAD"
2198;"LADRILLOS"
2199;"COLONIA VILLAS KITUR NO. 1 CALLE PRINCIPAL FRENTE CAMPO FOOT"
2200;"COL. SATELITE, PRIMERA ETAPA"
2201;"COL.CERRITO LINDO"
2202;"BARRIO EL CACAO, SAN PEDRO SULA"
2203;"COL. MORALES I SECTOR CHAMELECON"
2204;"COL. MORALES # 3 SECTOR CHAMELECON"
2205;"COL.CIUDAD NUEVA"
2206;"COL.VILLA OLIMPICA"
2207;"COL.LA SABANA"
2208;"COL. MIGUEL ANGEL PAVON"
2209;"FINCA GUARUMO UNO"
2210;"GUARUMA DOS, VILLANUEVA"
2211;"COL.EL PORVENIR"
2212;"SAN PEDRO SULA,COLONIA BRISAS DE CANADA"
2213;"COLONIA VIDA NUEVA , SECTOR COFRADIA"
2214;"COL.OJO DE AGUA,COFRADIA"
2215;"COLONIA MORALES NO. 2 SECTOR CHAMELECON"
2216;"COL 24 DE ABRIL # 2"
2217;"COL. CELEO GONZALES"
2218;"SAN PEDRO SULA, CABLOTALES"
2219;"REMOLINO BANADEROS"
2220;"ALDEA LOS PINOS"
2221;"COL. 10 DE SEPTIEMBRE"
2222;"COL. MATAMOROS ,COFRADIA"
2223;"MONTE ALEGRE DEL MERENDON"
2224;"COL. PERFECTO VASQUEZ"
2225;"COLONIA PRIMAVERA"
2226;"COL PRADERA MUNICIPAL"
2227;"FINCA OMONITA"
2228;"COL LLANOS DE SULA"
2229;"COLONIA GUILLEN"
2230;"COL ISLAS PROGRESO, SAN PEDRO SULA"
2231;"COL 15 DE SEPTBRE SECTOR CHAMELECON"
2232;"MONTE ALEGRE"
2233;"COL INDEPENDENCIA"
2234;"COL GRACIAS A DIOS"
2235;"FINCA CEIBITA"
2236;"NUEVA JERUSALEN"
2237;"EBEN-EZER B # 5"
2238;"LA PITA ABAJO"
2239;"COL VICTORIA"
2240;"14 AVE 22-23 CALLE BO SAN FRANCISCO"
2241;"JARDINES DEL EDEN"
2242;"COLONIA 23 DE SEPTIEMBRE"
2243;"BASE DE LA CUMBRE, COFRADIA CORTES"
2244;"ALDEA LAS NEBLINAS DE MIRAMAR"
2245;"COLONIA SAN JOSE"
2246;"EL BORDO DE LUPO VIEJO, CONTIGUO CANCHA DE FOOT-BALL"
2247;"SAN JUAN CHAMELECON"
2248;"BARRIO EL CAMPO COFRADIA"
2249;"VILLA DE COFRADIA"
2250;"COL SAN JOSE FTE CAMPO DE FUTBOL"
2251;"COL. LAS VEGAS 8B Y 9 CALLE"
2252;"COL CENTRAL"
2253;"COLONIA LA MESA CUARTA CALLE"
2254;"COL MUNICIPAL"
2255;"LAS COLINAS DEL CARMEN"
2256;"COL PANTING"
2257;"COL. DR. ROBERTO SUAZO CORDOBA"
2258;"COL CIUDAD PLANETA BLOQUE 56 BLOQUE 58"
2259;"CASERIO PUERTO ESCONDIDO"
2260;"COL SINAI"
2261;"LAS BRISAS N 2, SAN PEDRO SULA"
2262;"COL. LA UNION"
2263;"COLONIA SULA"
2264;"COL. HECTOR SABILLON CRUZ"
2265;"DELICIAS DEL NORTE 1.5 KM AL NORTE DEL ZAPOTAL DEL NORTE"
2266;"COLONIA FE Y ESPERANZA, CHAMELECON"
2267;"COLONIA BRISAS DEL VALLE M"
2268;"ALDEA NARANJITO BANADEROS"
2269;"COL. CASA QUEMADA"
2270;"ALDEA LA VIRTUD"
2271;"CABANAS"
2272;"LA PURTA SALIDA A CHAMELECON"
2273;"LAS JUNTAS DE BANADEROS"
2274;"COL SAN ISIDRO"
2275;"COL LOS CASTAÑOS"
2276;"COL FERNANDEZ GUZMAN"
2277;"COL RIVERA HERNANDEZ, SAN PEDRO SULA"
2278;"COL BOGRAN"
2279;"NUEVO EDEN"
2280;"COL.LAS BRISAS"
2281;"COL. SAN CRISTOBAL"
2282;"ALDEA PENITAS ARRIBA"
2283;"SAN JOSE DE CORTES"
2284;"LAS FLORES DE RIO FRIO"
2285;"PITA ARRIBA"
2286;"NACO"
2287;"ALDEA LA CUMBRE"
2288;"EL ZAPOTAL DEL NORTE"
2289;"CEIBITA COFRADIA CORTES"
2290;"ARMENTA"
2291;"ALDEA EL PERU"
2292;"LAGUNA DE BANADEROS"
2293;"CHAMELECON"
2294;"FLOR DEL VALLE"
2295;"ALDEA LA UNION DE RIO FRIO"
2296;"ALDEA BUENOS AIRES"
2297;"TOMALA"
2298;"ALDEA PEÑITAS ABAJO, S.P.S."
2299;"SAN ANTONIO DEL PERU"
2300;"ALDEA SAN JOSE DE MANCHAGUALA"
2301;"BO GUADALUPE VILLA COFRADIA"
2302;"CHAMELECON 2 AVE 2 CALLE"
2303;"BO.GUADALUPE"
2304;"MIRAMAR DE LOS BAÑADEROS SAN PEDRO SULA"
2305;"SAN PEDRO SULA, COLONIA VALLE DE SULA NO. 2"
2306;"SAN PEDRO SULA"""""
2307;"BARRIO BARANDILLAS, SAN PEDRO SULA"
2308;"COL. COLOMBIA CONTIGUO AL CONSULTORIO JURIDIC"
2309;"ALDEA LAS VEGAS DE RIO FRIO"
2310;"BO PAZ BARAHONA 15 Y 16 CALLE 9 Y 10 AVE"
2311;"BARRIO LEMPIRA 6 AVE 9 Y 10 CALLE"
2312;"ALDEA SAN LUIS CALICHITO"
2313;"EL BATEY"
2314;"LA GUAMA, SANTA CRUZ DE YOJOA"
2315;"SANTA CRUZ DE YOJOA, BARRIO CONCEPCION"
2316;"PEÑA BLANCA, CORTES"
2317;"LOS PINOS"
2318;"YOJOA, SANTA CRUZ"
2319;"SANTA CRUZ DE YOJOA"
2320;"COL.PANUCAN,MONTECILLOS"
2321;"SECTOR SAN PABLO"
2322;"BARRIO LAS CRUCITAS"
2323;"POSAS DE AGUA"
2324;"COL. BUENOS AIRES"
2325;"LA GUAMA"
2326;"CONINCA"
2327;"COL 25 DE MAYO"
2328;"COLONIA 3 DE OCTUBRE"
2329;"MONTECILLOS"
2330;"LA CAÑADA"
2331;"LA SANDILLERA"
2332;"LA BOQUITA"
2333;"COLONIA EL REPARTO"
2334;"YOJOA BO EL TABLON"
2335;"BO SAN JOSE DE YOJOA"
2336;"LAS PILETAS"
2337;"ALDEA EL HOBO"
2338;"AGUAS DE LA REINA"
2339;"PUEBLO QUEMADO"
2340;"LA AGUITA"
2341;"EL CIPRES"
2342;"LA BOLSITA EL CAJON"
2343;"ALDEA EL OCOTAL / ESC RURAL"
2344;"LOS MANGOS"
2345;"ALDEA CHAGUITON"
2346;"SAN BARTOLO"
2347;"ALDEA LA VICTORIA"
2348;"CAMPO LLANO"
2349;"ALDEA AGUA AZUL RANCHO"
2350;"ALDEA EL OCOTILLO"
2351;"LAGUNA DEL JICARO"
2352;"LA BARCA"
2353;"ALDEA LA JUTOSA"
2354;"OROPENDOLAS"
2355;"ZACATALES"
2356;"ALDEA BARRANCO"
2357;"CASAS VIEJAS"
2358;"ALDEA CAMPO OLIVO"
2359;"ALDEA EL EDEN"
2360;"ALDEA EL LLANO"
2361;"SE DE BALINCITO"
2362;"SAN JOSE DE BALINCITO"
2363;"PENA BLANCA"
2364;"COLONIA EL MILAGRO"
2365;"SUBIRANA DEL OLIVAR"
2366;"MONTE VERDE"
2367;"LOS CAMINOS"
2368;"BO CAPIRO"
2369;"STA CRUZ DE YOJOA"
2370;"AGUA AZUL SIERRA"
2371;"COL.SAN PABLO"
2372;"AGUA AZUL RANCHO"
2373;"ALDEA SAN ISIDRO"
2374;"BARRANCO"
2375;"ORONPENDOLAS"
2376;"LLANO"
2377;"SAN BARTOLO, SANTA CRUZ DE YOJOA"
2378;"LA FE"
2379;"BUENOS AIRES LA JUTOSA"
2380;"PINOLAPA"
2381;"LAS MARIAS, SANTA CRUZ DE YOJOA"
2382;"EL EDEN"
2383;"PEÑA BLANCA"
2384;"BO CONSEPCION"
2385;"COL EL MILAGRO"
2386;"EL ZARSAL"
2387;"YOJOA"
2388;"COL LA ESPERANZA"
2389;"EL CALAN"
2390;"VILLANUEVA"
2391;"EL MARAÑON"
2392;"SAN RAMON NO. 2"
2393;"COLONIA VALLE FRESCO"
2394;"COLONIA BUENOS AIRES, VILLANUEVA"
2395;"SAN FRANCISCO EL GUIRAL"
2396;"VILLANUEVA, CORTES"
2397;"LA CEBADILLA"
2398;"COLONIA GUADALUPE LOPEZ, CALLE PRINCIPAL"
2399;"COL 1 DE MAYO"
2400;"PORVENIR DEL MORRO"
2401;"AGUACATE"
2402;"EL HIGO"
2403;"LOS ALTOS"
2404;"KILOMETRO 71"
2405;"BO LAS FLORES"
2406;"ALDEA COROZA"
2407;"EL CUTUQUITO"
2408;"NUEVO CHAMELECON"
2409;"EL MARANON"
2410;"LAS CAÑADAS"
2411;"SANTA ANA DE CHASNIGUA"
2412;"EL MILAGRO"
2413;"BO LA VICTORIA"
2414;"DOS CAMINOS SANTA FE"
2415;"1 CUADRA OESTE ZIP VILLANUEVA"
2416;"BO MANUEL BONILLA"
2417;"NUEVO CHAMELECON, VILLANUEVA CORTES"
2418;"SANTA EDUVIGES VILLANUEVA CORTES"
2419;"CENTRO COMUNAL"
2420;"COL. VALLE FRESCO"
2421;"EL GUIRAL"
2422;"MANO DERECHA BOULEVARD"
2423;"COL MARTIN FAJARDO"
2424;"SAN ISIDRO VILLANUEVA"
2425;"GUADALUPE LOPEZ"
2426;"COL. SINAI"
2427;"COL PRIMERO DE MAYO"
2428;"LLANOS DE CANADA"
2429;"BARRIO MANUEL BONILLA"
2430;"COL. COLINAS DE SUIZA"
2431;"CONTIGUO CENTRO DE SALUD BRISAS DEL CALAN"
2432;"COL. INDEPENDENCIA 1 CALLE"
2433;"BARRIO LA VICTORIA"
2434;"DOS CAMINOS SUR"
2435;"6 CALLE 5 Y 6 S.O., VILLANUEVA"
2436;"EL CHILE # 2"
2437;"TRAVESIA"
2438;"BO CAMPO ROJO"
2439;"CAMPANA"
2440;"ALDEA LA PITA"
2441;"BANDERAS TRES"
2442;"CEDROS"
2443;"ZAPADRIL ABAJO"
2444;"BAJAMAR"
2445;"COL. 21 DE OCTUBRE BARACOA"
2446;"PUERTO CORTES"
2447;"ALDEA EL CHILE NUMERO 2"
2448;"CALAN, CORTES"
2449;"ALDEA BARACOA"
2450;"BO. PUEBLO NUEVO ESC. 11 DE JUNIO, FRENTE CARRETERA S.P.S."
2451;"COL. EPISCOPAL, CARRETERA A CHAMELECONCITO"
2452;"COLONIA EPISCOPAL, PUERTO CORTES"
2453;"EL FARO, 10 Y 11 CALLE, 7 Y 8 AVE. UNA CUADRA ABAJO DE E.M.C"
2454;"SECTOR PITA, DESVIO DE CARRETERA A LA PITA"
2455;"SAN JOSE DE LAS BRISAS, CALLE PRINCIPAL"
2456;"EL MANGO"
2457;"BARRA DE CHAMELECON"
2458;"REMOLINO DEL TIGRE"
2459;"ALDEA LEMPIRA"
2460;"LA UVA"
2461;"SAVOY, BAJOS DE BARACOA"
2462;"COLONIA 30 DE MAYO"
2463;"NUEVO TICAMAYA"
2464;"BRISAS DE BARACOA"
2465;"ALDEA LA COLMAN"
2466;"EL OCOTE, FRENTE AL CAMPO DE FOOTBALL"
2467;"LAS PALMAS BARACO"
2468;"BO PALERMO"
2469;"ALDEA BRISAS DEL MAR"
2470;"LA JUNTA"
2471;"CAMPO NOLA"
2472;"EL SOFOCO"
2473;"EL BUM"
2474;"EL CHILE # 1"
2475;"GUANACASTALES"
2476;"NISPERALES"
2477;"MANACALITO"
2478;"BAJOS DE BARACOA"
2479;"BO MEDINA CALLE PRINCIPAL"
2480;"CHAMELECONCITO"
2481;"CIENAGUITA"
2482;"ROBLES"
2483;"SARAGUAINA CONT, BARRA DEL CHAMELECON"
2484;"PANA"
2485;"CAOBA"
2486;"BO PUEBLO NUEVO"
2487;"BO BUENOS AIRES AVE 11 CALLE 7"
2488;"1 AVE. 9 Y 10 BO LACURVA PTO CORTES"
2489;"BO COPEN 9-10 CALLE 2 AVE"
2490;"MEDINA"
2491;"COL LEONES ORILLAS DEL BOULEVARD"
2492;"COLONIA EMSLAND"
2493;"BAJAMAR ANTES DEL PUENTE EL ESTERO"
2494;"COL. NUEVE DE DICIEMBRE"
2495;"LAS DELICIAS 6 CUADRAS ADENTRO DEL COMEDOR ELSA"
2496;"COLONIA 19 DE MAYO"
2497;"COLONIA LAS PALMAS"
2498;"LA PITA, CARRETERA HACIA AGUA CALIENTE"
2499;"LA CAMPANA CEB HERIBERTO CASTILLO"
2500;"DESVIO A CHAMELECONCITO"
2501;"EL CHILE ·2"
2502;"COLONIA LA GRAN VILLA, CALLE PRINCIPAL, BARACOA"
2503;"LA FRATERNIDAD, DEVIO A CHAMELECON"
2504;"BO CIENAGUITA"
2505;"BO. PUEBLO NUEVO"
2506;"A LA PAR DE IGLESIA CATOLICA"
2507;"B. EL RESFUJIO CARRETERA BRIZA"
2508;"BO LOS MANGOS"
2509;", 3RA. AV. 9 Y 10 CALLE , BO. COPEN"
2510;"LAS LIMAS,ALAUCA"
2511;"ALAUCA"
2512;"CONTIGUO A CASA DEL SR MATIAS FERRUFINO"
2513;"MOMOTOMBO"
2514;"AGUA ZARCA"
2515;"LAS CHAMPAS"
2516;"LA JAGUA"
2517;"LAS ANONAS, ALAUCA"
2518;"LOS MATAZANOS"
2519;"LAS LIMAS"
2520;"EL CANTON"
2521;"LAS MANZANILLAS"
2522;"LAS MANOS"
2523;"EL PEDREGALITO"
2524;"ALAUCA BARRIO TIERRA BLANCA"
2525;"EL CARTON"
2526;"Cuyamapa, Villa Santa"
2527;"BO. EL CARMELO"
2528;"EL GUANO"
2529;"BARRIO LOS ARCOS"
2530;"COLONIA COFRADIA"
2531;"COL NUEVA ESPERANZA"
2532;"COL LA CONCEPCION"
2533;"ARAULI"
2534;"EL PARAISITO"
2535;"LAS ANIMAS"
2536;"La Libertad de Azabache"
2537;"Santa Rita Arriba"
2538;"NOVENO BATALLON DE INFANTERIA"
2539;"VILLA SANTA"
2540;"SAN DIEGO, DANLI"
2541;"BARRIO ORIENTAL"
2542;"BO EL CENTRO CONTIGUO COOPERATIVA APAGUIZ"
2543;"EL CHICHICASTE"
2544;"VILLA AHUMADA"
2545;"DANLI"
2546;"COLONIA NUEVA ESPERANZA"
2547;"JACALEAPA BARRIO ARRIBA"
2548;"LA REFORMA CUYAMAPA N2"
2549;"BARRIO EL CENTRO FTE. LOGIA MAZONICA"
2550;"LAS CHAMPAS, EL MAGUELAR"
2551;"OCOBAS"
2552;"COL. LA CAÑADA"
2553;"POTRERO GRANDE"
2554;"BUENOS AIRES, VILLA SANTA"
2555;"SANTA RITA ABAJO"
2556;"VILLA ELENA"
2557;"EL RECUERDO, LA ESPERANZA"
2558;"LA PEDROSA"
2559;"BUENA VISTA SIALES"
2560;"LA SELVA VILLA SANTA"
2561;"EL SUBICO, TROJES"
2562;"EL BOSQUE SCALES"
2563;"ZAPOTE JALAN"
2564;"EL ORAINE VILLA SANTA"
2565;"MINAS EL OBRAJE"
2566;"LA LAGUNA GUAMBUCO"
2567;"LA LIBERTAD AZABACHE"
2568;"LAS FLORES N3"
2569;"COL EL GUALIQUEME"
2570;"ZEPEDA N2"
2571;"COL 16 DE MAYO"
2572;"EL HATILLO"
2573;"LOS MEZCALES"
2574;"LAS VEGAS EL MAGUELAR"
2575;"PUEBLO NUEVO ABAJO"
2576;"LOS PLACERES"
2577;"ALDEA SAMARIA"
2578;"CASERIO SAN ISIDRO ALDEA EL TABLON"
2579;"BUENOS AIRES EL MAGUELAR"
2580;"LOS LAURELES N2 VILLA SANTA"
2581;"ALDEA EL BORDO"
2582;"BUENOS AIRES JALAN"
2583;"COL BELLA VISTA"
2584;"PROVIDENCIA ARRIBA"
2585;"EL PROGRESO EL AGUILA"
2586;"EL BONETON"
2587;"MONTANUELA SANTA MARIA"
2588;"LA ESPERANZA DE CAPIRE"
2589;"SAN ESTEBAN"
2590;"VILLA NUEVA N2"
2591;"LAS QUEBARADAS"
2592;"SAN AGUSTIN N2"
2593;"EL PORVENIR DE LA JOYA"
2594;"CARRETERA QUE CONDUCE A RIO ARRIBA PRADO"
2595;"EL BARBASCO / ESC FRANCISCO MORAZAN"
2596;"SAN JOSE DE YAMALE"
2597;"LA MAQUINA"
2598;"PUEBLO NUEVO ARRIBA"
2599;"SAN FCO VILLA CIFUENTES"
2600;"LA ESPERANZA MAGUELAR"
2601;"EL ROSARIO, PORVENIR N 1"
2602;"LA PRIMAVERA N1"
2603;"CUBA CHAPARRAL"
2604;"VILLA REAL"
2605;"SAN RAMON"
2606;"LA ESPERANZA CUYAMAPA N2"
2607;"COOP NUEVO COYOLAR JUTIAPA"
2608;"SAN RAMON LA LODOSA"
2609;"LA JAGUA DE ESCUAPA"
2610;"LA MONTANITA EL CHICHICASTE"
2611;"EL ONAL"
2612;"ASENTAMIENTO 19 DE ABRIL EL OBRAJE"
2613;"PIEDRAS COLORADAS"
2614;"EL GUABAL"
2615;"LAS VEGAS DE VERACRUZ"
2616;"ARROZALES"
2617;"PAJARILLOS"
2618;"EL PRADO"
2619;"CAYANTU"
2620;"SANTA CLARA EL PORVENIR N1"
2621;"LOS LAURELES N1"
2622;"EL TERRERO CHAPARRAL"
2623;"LA CAMPOS APALI"
2624;"LOS CORRALES APALI"
2625;"SAN JOSE DE ZEPEDA"
2626;"EL ZAPOTE CHAPARRAL"
2627;"BARCELONA"
2628;"BARRIO EL CARMELO"
2629;"RIO ARRIBA N2"
2630;"EL RUANO"
2631;"LA ZARZALOSA"
2632;"LA MAJADA N2"
2633;"VEGAS DE GUAMBUCO"
2634;"SAN ANTONIO DE BUENA VISTA"
2635;"MAQUENGALITO"
2636;"BUENOS AIRES N2"
2637;"EL HABILLAL"
2638;"SANTA CRUZ DE SEALES"
2639;"PROVIDENCIA N2"
2640;"RIO ARRIBA N1"
2641;"VILLA NUEVA N3"
2642;"EL ZAPOTE CAMPAMENTO N2"
2643;"EL ZAPOTILLO ARENAL"
2644;"CUYAMAPA"
2645;"LA ESPERANZA VILLA SANTA"
2646;"BUENA VISTA CIFUENTES"
2647;"LA VIGIA N1"
2648;"CHICHIMORA JAMASTRAN"
2649;"LA SIERRA"
2650;"LAS MIELES"
2651;"LAS TRAVESIAS"
2652;"CUYAMAPA N2"
2653;"EL URRACAL"
2654;"VILLA RICA EL AGUILA"
2655;"EL GUAYACAN"
2656;"AMPARO, TROJES"
2657;"SAN ANTONIO RIO FRIO"
2658;"SANTA CRUZ YAMALES"
2659;"PROGRESO DE CAPIRE"
2660;"LAS FLORES N2 VILLA CIFUENTES"
2661;"ARGELIA"
2662;"SAN ANTONIO CIFUENTES"
2663;"LA REDONDA"
2664;"SANTA RITA ARRIBA SANTA MARIA"
2665;"BUENA VISTA N2"
2666;"BAJILLALES"
2667;"LA CIENEGUIT"
2668;"TEMEPECHIN"
2669;"LOS CLAVELES"
2670;"EL CANON"
2671;"LOS TROZOS N1"
2672;"LA ENEA"
2673;"LAS FLORES N2"
2674;"VALLE VERDE"
2675;"SEALE COOPERATIVA"
2676;"LAS CANITAS"
2677;"EL ZAPOTE QUEBRADA LARGA"
2678;"SAN FRANCISCO DE CAPIRE"
2679;"LOS TRONCONES"
2680;"SANTA RITA JAMASTRAN"
2681;"SAN FRANCISCO LA LODOZA"
2682;"SAN MARCOS ARRIBA"
2683;"EL MALACATE"
2684;"BUENOS AIRES N1"
2685;"PROVIDENCIA N1"
2686;"EL HIGUERITO EL PORVENIR N1"
2687;"ALTOS DE ESCUAPA"
2688;"BUENA ESPERANZA"
2689;"LA ESPERANZA ABAJO STA MARIA"
2690;"LAS PIEDRECITAS"
2691;"VILLANUEVA GUAMBUCO"
2692;"VALLE ALEGRE"
2693;"EL CEDRAL N2"
2694;"LA ESTACADA"
2695;"EL CHAPARRAL"
2696;"PLAN DE LA CRUZ"
2697;"SAN JUAN DE LINACA"
2698;"LA LIMA APALI"
2699;"ARENALES"
2700;"LA ESPERANZA ARRIBA"
2701;"BUENA VISTA DE PIRINEOS"
2702;"QUEBRADA CHIQUITA N2"
2703;"PUEBLO NUEVO AZABACHE"
2704;"EL CEDRAL N1"
2705;"LAS DELICIAS N2"
2706;"LOS GUACIMOS"
2707;"LA ESTRELLA EL PORVENIR"
2708;"MANGAS ABAJO"
2709;"EL JICARITO, CHICHICASTE"
2710;"EL QUEBRADON"
2711;"EL PORVENIR N2"
2712;"EL PORVENIR N1"
2713;"LAS LOMAS"
2714;"EL PINAL JAMASTRAN"
2715;"LA MERCED"
2716;"ESPANOL GRANDE"
2717;"GUACANALI SANTA MARIA"
2718;"MAQUENGALES"
2719;"QUEBRADA CHIQUITA N1"
2720;"SANTA ANA JAMASTRAN"
2721;"PLAN LARGO"
2722;"EL PINONAL"
2723;"EL PASTAL"
2724;"PLANCITOS"
2725;"SAN FRANCISCO DE ESCUAPA"
2726;"QUEBRADA CHIQUITA #3"
2727;"LA UNION N1"
2728;"CAPIRE"
2729;"TAPALCHI"
2730;"EL GUINEO"
2731;"EL ZARZAL"
2732;"LAS FLORES N2 SANTA MARIA"
2733;"LAS CRUCITAS VILLA JUTIAPA"
2734;"SAN JULIAN"
2735;"LA UNION N2"
2736;"EL SUYATILLO"
2737;"LA BATEA"
2738;"QUEBRADA ARRIBA OCULI"
2739;"EL AGUILA"
2740;"LAS CAMELIAS"
2741;"EL BENQUE VALLE JAMASTRAN"
2742;"EL MAGUELAR"
2743;"EL ZAMORANO"
2744;"LAS TUNAS 4 KM CARRETERA DANLI"
2745;"LA LIMA"
2746;"QUEBRADA LARGA"
2747;"SARTENEJAS"
2748;"SAN JOSE AZBACHE"
2749;"JUTIAPA"
2750;"CORRAL FALSO CALLE HACIA SAN MATIAS"
2751;"LA PALMILLA"
2752;"EL OLINGO"
2753;"EL GUALIQUEME"
2754;"EL PESCADERO"
2755;"CIFUENTES"
2756;"COL LA REFORMA"
2757;"BO. ORIENTAL"
2758;"COL LAS BRISAS"
2759;"CONTIGUO A LA ESCUELA ALVARO CONTRERAS"
2760;"COLONIA EL ENCANTO, DANLI"
2761;"CONTIGUO EDIFICIO ESCUELA FRANCISCO MORAZAN"
2762;"CONTIGUO A LA ESCUELA JOSE TRNIDAD REYES"
2763;"LAS TUNAS"
2764;"BAÑADEROS EL AGUILA"
2765;"ESN LAS ESCUELA JUAN LINDO"
2766;"LA ANGOSTURA 2 CUADRAS DESPUES DE LA BODEGA DE FERTILIZANTES"
2767;"COL. 16 DE MAYO"
2768;"BUENOS AIRES N. 2"
2769;"LA ESPERANZA ARRIBA EL GUANO"
2770;"EL MATAZANO, VALLE DE JAMASTRAN"
2771;"CORRAL FALSO"
2772;"ANTIGUO LOCAL DE LA ESCUELA 14 DE JULIO"
2773;"EL BORDO"
2774;"COOPERATIVA CEALES"
2775;"EL ZAPOTILLO JAMASTRAN"
2776;"ALDEA LAS LOMAS"
2777;"EL PIÑONAL"
2778;"EL POZO BENDITO"
2779;"SAN DIEGO"
2780;"TROJES"
2781;"COL. NUEVA ESPERANZA"
2782;"BO.EL CAMPO TROJES EL PARAISO"
2783;"ALDEA DE QUEBRADA LARGA"
2784;"COLONIA LA CONCEPCION"
2785;"BARRIO LA CEIBITA"
2786;"LA MERCED CHIRINAS"
2787;"FTE A PEPYLUZ (DANLI)"
2788;"CUYALI"
2789;"SAN ANTONIO DE CONCHAGUA"
2790;"LAS SELVAS"
2791;"LAS BARRANCAS"
2792;"BO. SAN ISIDRO"
2793;"BARRIO SANTA CLARA"
2794;"CARRETERA HACIA LAS SELVAS"
2795;"CRIQUE DE ORO LA LODOZA"
2796;"COL ALTAMIRA"
2797;"EL RECUERDO LA LODOZA"
2798;"COL SAN JUAN BAUTISTA"
2799;"COL MONTECRISTO"
2800;"COL SAN MIGUEL"
2801;"EL HONDABLE"
2802;"ALDEA EL PALOMAR"
2803;"EL PACON"
2804;"TRES PIEDRAS"
2805;"SAN JOSE DE LAS CANAS"
2806;"MATA DE PLATANO"
2807;"LAS GUAVAS"
2808;"BARRIO EL ROSARIO"
2809;"LA LODOZA"
2810;"LAS CANAS"
2811;"LOS VOLCANCITOS"
2812;"VOLCANES"
2813;"LOS BEJUCALES"
2814;"LA LIMA DE LAS SELVAS"
2815;"LOS TERRONES"
2816;"EL CARBON"
2817;"ALDEA DIFICULTADES"
2818;"LOS HIGUEROS"
2819;"RINCON LARGO"
2820;"GRANADILLOS"
2821;"PORTILLO DEL CEDRO"
2822;"PALO GRANDE"
2823;"ALDEA PALO GRANDE"
2824;"SAN MARCOS DE LAS SELVAS"
2825;"COLONIA SAN JUAN BAUTISTA"
2826;"ALDEA DE SANTA CRUZ"
2827;"ALDEA LAS SELVAS"
2828;"COLONIA 24 DE DICIEMBRE"
2829;"COLONOA ALTAMIRA"
2830;"MANZARAGUA"
2831;"GALERAS"
2832;"BO. LA CRUZ"
2833;"AROCHA"
2834;"LOMA VERDE"
2835;"LIQUIDAMBAR"
2836;"ARRAYANES"
2837;"SILISGUALAGUA"
2838;"LAVANDEROS"
2839;"BARRIO LACRUZ"
2840;"CARRETERA CENTRAL, SILISGUALAGUA"
2841;"CARRETERA PRINCIPAL A GUINOPE"
2842;"CONTIGUO AL CENTRO COMUNAL, FRENTE IGLESIA CATOLICA"
2843;"CALLE PRINCIPAL, EL CENTRO SANTA ROSA"
2844;"BARRIO EL CENTRO, CALLE FRANCISCO A. MARQUEZ, GUINOPE"
2845;"JACALEAPA"
2846;"Aldea el Robledal"
2847;"POZO BENDITO"
2848;"QUISGUALAGUA"
2849;"SAN MARCOS ABAJO"
2850;"LA CHORRERA"
2851;"LOMAS LIMPIAS"
2852;"BO. TRONCONAL(ALD"
2853;"CASERIO EL HATO"
2854;"TRES CEIBAS"
2855;"EL CALERO"
2856;"LA BURRERA, LIURE"
2857;"|CASERIO EL TAMARINDO"
2858;"SAMALAGUAIRE"
2859;"CHICHIMECO"
2860;"CALPULES ALDEA SAN RAMON"
2861;"EL ESCANO"
2862;"MONTE GRANDE"
2863;"BOCUIRE"
2864;"BARRIO LA PLAZA"
2865;"COMUNIDAD EL HATO"
2866;"LIURE, CENTRO"
2867;"BO.EL EDEN"
2868;"BARRIO MIGUEL PAZ BARAHONA"
2869;"LA ESTANCIA"
2870;"EL ESPINITO"
2871;"SAN MATIAS, EL GUAYACAN"
2872;"EL ESPINITO SAN MATIAS"
2873;"NUEVO PARAISO"
2874;"ENTRADA PRINCIPAL"
2875;"AGUA MORADA, MOROCELÌ, CALLE PAVIMENTADA HACIA DANLÌ"
2876;"EL SEVILLANO"
2877;"ALDEA NUEVA ESPERANZA"
2878;"ALD.EL SUYATE"
2879;"GRANADILLA"
2880;"EL CHAGUITE"
2881;"NAGUARA"
2882;"LLANO EL TIGRE"
2883;"QUEBRADA GRANDE N2"
2884;"EL CAMPO"
2885;"BUENAS NOCHES"
2886;"LOS LIQUIDAMBOS"
2887;"GUADALAJARA"
2888;"VALLE ARRIBA"
2889;"QUEBRADA GRANDE N1"
2890;"EL CENSO,MOROCELI"
2891;"HOYA GRANDE, MOROCELI"
2892;"EL SUYATE"
2893;"BUENA VISTA MOROCELI"
2894;"BO.EL CENTRO CEMENTERIO MOROCE"
2895;"OROPOLI"
2896;"LAS CRUCITAS, OROPOLI"
2897;"LA MESA"
2898;"EL DESHECHO"
2899;"OREALI"
2900;"EL ABRA"
2901;"LA MESA OROPOLI"
2902;"ADL. EL DESHECHO"
2903;"BO.SAN JOSE DE OROPOLI"
2904;"ALDEA EL PORVENIR"
2905;"EL ZURZULAR"
2906;"EL JUNQUILLO"
2907;"LOMANILLOS"
2908;"LOMA DE ENMEDIO"
2909;"SABANA REDONDA"
2910;"EL LIMONCILLO"
2911;"CONTIGUO A CASA DE LUIS IRIAS"
2912;"LAS CRUCES"
2913;"LA REINA"
2914;"SURULE"
2915;"EL BARRERO"
2916;"MACTUCA"
2917;"NAVIJUPE"
2918;"JUNACATAL"
2919;"LA MONTANITA"
2920;"TAPAHUASCA"
2921;"QUEBRACHOS"
2922;"SAN LUCAS"
2923;"SAN LUCAS, NAVIJUPE"
2924;"SAN LUCAS, MONTE GRANDE"
2925;"SAN LUCAS CENTRO CALLE EL CALVARIO"
2926;"APALIPI N 2"
2927;"MANDASTA N1"
2928;"SANTA ANTONIO DE FLORES"
2929;"SIUYU, SAN ANTONIO DE FLORES"
2930;"LA CACALA"
2931;"ORLICA"
2932;"SONZAPOTE"
2933;"MANDASTA N2"
2934;"LLANO GRANDE"
2935;"CHAGUITES"
2936;"BARRIO BELLA ORIENTE"
2937;"MANDASTA NO.1"
2938;"ALDEA LA COMUNIDAD EN EL CENTRO"
2939;"SOLEDAD"
2940;"SEXTO BAT DE INFANTERIA OJO DE AGUA"
2941;"LA CULEBRA"
2942;"EL PORTILLO LA VICTORIA"
2943;"PORTILLO DE AGUA DULCE, SOLEDAD"
2944;"EL GUAJINIQUIL N2"
2945;"GUAJINIQUIL N1"
2946;"EL TALPETATE"
2947;"EL BAJIO"
2948;"EL BARREAL"
2949;"EL PORTILLO BLANCO"
2950;"EL TAPEADO"
2951;"EL RODEITO SAN DIEGO"
2952;"CERRO BONITO SOLEDAD"
2953;"LAS MARIAS, MUNICIPIO DE SOLEDAD"
2954;"EL VICTORIANO"
2955;"EL NARANJO LOS ALPES"
2956;"SOLEDAD CENTRO"
2957;"CERRO BONITO"
2958;"LAS MARIAS SOLIEDAD"
2959;"EL VICTORIANO SOLEDAD EL PARAISO"
2960;"CALLE PPAL A TEGUC CONTIGUO A CORREO NACIONAL"
2961;"JOBAL"
2962;"BO. LAS ACACIAS"
2963;"ALDEA SAN SEBASTIAN"
2964;"SALITRE"
2965;"VADO NEGRO"
2966;"MAYARAN"
2967;"TEXIGUAT, CUNAIRE"
2968;"TEXIGUAT,ALDEA EL TULE"
2969;"CACERIO GUIRAZNA"
2970;"LA MANZANA"
2971;"ALDEA EL COMERCIO"
2972;"ALDEA GUITARRILLAS"
2973;"CASERIO PLAN GRANDE"
2974;"SANTA ROSITA"
2975;"TRAVESIAS"
2976;"CAGUALAGUA"
2977;"ALDEA EL TERRERO"
2978;"CASERIO EL YALDE"
2979;"TEXIGUAT, SAN SEBASTIAN"
2980;"JAMAYUPE"
2981;"EL HACHERO"
2982;"ASUNCION"
2983;"CGUALAGUA"
2984;"Quebradas"
2985;"BO. ALFONSO XIII, CONTIGUO PAPELERIA CRISTO REY"
2986;"San Antonio de Cifuentes"
2987;"LOS MILAGROS, TROJES"
2988;"NEVA ESPERANZA RIO COCO / ESC. ELIO VALLE (Correcto Nueva Es"
2989;"SAN FRANCISCO ABAJO"
2990;"BRISAS DE YAMALES, RIO COCO"
2991;"EL TABLAZO"
2992;"NUEVA ESPERANZA, VIA TROJES"
2993;"MONTE DE SINAI"
2994;"EL GUANO N1"
2995;"POZA REDONDA"
2996;"EL GUANITO"
2997;"MONTEFRESCO"
2998;"MORIAH"
2999;"RIO ARRIBA NO. 2"
3000;"LAS DELICIAS N.1"
3001;"CALLE PPAL CONTIGUO A SEÑORA MARTHA RODRIGUEZ"
3002;"BARRIO ALFONSO XIII"
3003;"COL. 21 DE FEBRERO"
3004;"ALD.DE ARENALES TROJES EL PARAISO"
3005;"ALDEA TOLOBRE"
3006;"HATO QUEMADO, VADO ANCHO"
3007;"APAUSUPO, VADO ANCHO"
3008;"SAN JOSE, VADO ANCHO"
3009;"JUÑICUAO, VADO ANCHO"
3010;"CERRO LARE, VADO ANCHO"
3011;"LAS LAJITAS"
3012;"VADO ANCHO"
3013;"LOS PLANES, VADO ANCHO"
3014;"YAUYUPE"
3015;"CHAGUITILLOS, YAYUPE"
3016;"CUSMATU"
3017;"EL PICADERO"
3018;"EL HORNITO"
3019;"EL PICADERO, YAUYUPE"
3020;"Barrio el Robledad, Kilometro 15"
3021;"NO especificado"
3022;"BO. LA INSUCA"
3023;"GUANACASTILLO"
3024;"BARRIO EL CENTRO, ALDEA EL PATASTE"
3025;"LA GRANADILLA, YUSCARAN"
3026;"AGUA VIVA EL TEÐIDERO"
3027;"ALDEA CUESTA DE DANTAS"
3028;"CORRAL QUEMADO"
3029;"CHAGUITE ORIENTE"
3030;"CHAGUITE SUR"
3031;"ALDEA RANCHO DEL OBISPO"
3032;"EL TENIDERO"
3033;"EL PERICON"
3034;"ALDEA LA CRUCITA"
3035;"EL LAINEZ"
3036;"ALDEA LA CIENAGA"
3037;"BO. EL CALVARIO"
3038;"CONTIGUO A LA ESC. JUAN RAUDALES PORTILLO"
3039;"EL OCOTAL, YUSCARAN"
3040;"LOS LAINEZ"
3041;"CORDONCILLO"
3042;"FTE A LA PLAZA, AL PAR DE ESC JOSE CECILIO DEL VALLE"
3043;"ALDEA LAS CRUCITAS"
3044;"OJO DE AGUA, YUSCARAN"
3045;"BARRIO PATIO GRANDE"
3046;"BO.EL CAMPO"
3047;"LA ESPERANZA PEÑE BLANCA"
3048;"COLONIA HOLANDESA (NUEVA JERUSALEM)"
3049;"LOS NANCES"
3050;"BRISAS DEL JALAN"
3051;"CASERIO EL ENCINAL"
3052;"EL HORMIGUERO"
3053;"LOS NOGALES"
3054;"LAS GOLONDRINAS"
3055;"LA VEGA EL ENCANTO"
3056;"PINUELAS"
3057;"EL GUAJACO"
3058;"BUENOS AIRES DEL JALAN"
3059;"LA TOYOSA"
3060;"CASERIO LOS COCOS"
3061;"BANADEROS"
3062;"LOS ALMENDROS"
3063;"LAGUNA DEL CHILE"
3064;"EL COPANTILLO"
3065;"QUEBRADA DEL ZAPOTILLAL"
3066;"LOS PLANCITOS"
3067;"LA MESETA"
3068;"LA COMUNIDAD"
3069;"LOS ENCINOS"
3070;"LA GRANJA, TEUPASENTI"
3071;"PUERTO OCOTAL, TEUPASENTI"
3072;"VALPARAISO"
3073;"SABANAGRANDE"
3074;"EL SALADINO"
3075;"ZACATERAS"
3076;"EL CHELON"
3077;"LAS CORTINAS"
3078;"EL ENCINO"
3079;"EL CHILITO"
3080;"SANTA ROSA N2"
3081;"EL JUTE"
3082;"EL PANAL"
3083;"SUYATAL"
3084;"PASO HONDO"
3085;"ESCOBAS AMARILLAS"
3086;"SANTA ROSA N1"
3087;"TEUPASENTI"
3088;"HOLANDESA, TEUPASENTI"
3089;"SANTA ROSA NO 2"
3090;"BAÑADEROS"
3091;"EL SUYATAL"
3092;"BO.GUNACASTE TEUPANSENTI"
3093;"BO ABAJO SAN JUAN DE FLORES"
3094;"CAMPO ALEGRE"
3095;"SUYAPA"
3096;"BARTOLA"
3097;"GUARICAYAN"
3098;"COL LOS LAURELES"
3099;"SICAGUARA"
3100;"JOYAS DE CARBALLO"
3101;"EL BOSQUE"
3102;"EL TENCHON"
3103;"SAN JOSE DE RAMOS"
3104;"MIRAVALLE"
3105;"YAMAGUARE"
3106;"CHANDALA"
3107;"MARAITA"
3108;"YOCULATECA"
3109;"ESCANO DE TEPALE"
3110;"LA ESPERANZA, BO. EL CENTRO"
3111;"PORTILLO DE SIALE"
3112;"AGUA DULCE"
3113;"PORTILLO DE CORDOVA"
3114;"BARROSAS"
3115;"URRUTIAS"
3116;"SAN IGNACIO, SAN MIGUEL DE BARROSA F.M"
3117;"LIZAPA"
3118;"SAN MIGUELITO,BARRIO EL CENTRO SALIDA HACIA EL SUR"
3119;"QUEBRADA ARRIBA SAN MIGUELITO"
3120;"EL ZAPOTE."
3121;"FINAL DE LA CARRETERA FTE A CASA SALVADOR POSADAS"
3122;"AVENIDA A AL LADO DE LA CALLE FRENTE DE LA CASA DE ERNESTO"
3123;"CASERIO GUANACASTE EL HATO"
3124;"FINAL DE LA CALLE FRENTE A CASA SALVADOR POSADAS"
3125;"SAN MIGUELITO CENTRO"
3126;"AHUAS GRACIAS A DIOS"
3127;"AWAS DEPT DE GRACIAS A"
3128;"BANAKA JUAN FRANCISCO BULNES GRACIAS A DIOS"
3129;"PALACIOS"
3130;"BATALLA"
3131;"BARRIO TRUJILLO"
3132;"ARAS LAYA"
3133;"BATALLA, JUAN FRANCISCO BULNES"
3134;"BARRA PATUCA"
3135;"SAN MIGUEL, RIO PLATANO"
3136;"KRAUSIRPI"
3137;"PIÑALES"
3138;"KUSUA APAIKA"
3139;"TWITANTA"
3140;"KURY"
3141;"BRISAS"
3142;"BELEN PAYABILA"
3143;"KURY RIO PLATANO"
3144;"BRUS LAGUNA"
3145;"LIMONALES CENTRO"
3146;"IBANS"
3147;"PALACIOS CENTRO"
3148;"PLA PLAYA"
3149;"COCOBILA"
3150;"RIO PLATANO"
3151;"TUKRUN"
3152;"TASBA PAUNI"
3153;"COYOLES"
3154;"KUSIRA APAIKA"
3155;"BARRIO TWITANTA"
3156;"BARRIO PALACIOS CENTRO"
3157;"CALLE PRINCIPAL DEL BARRIO UHRY A LA IZQUIERDA"
3158;"BO ARASLAYA, AEROPUERTO BRUS LAGUNA"
3159;"LIMONAL"
3160;"BARRIO PALACIOS ARRIBA"
3161;"Barrio El Centro. Frente al Parque Central"
3162;"KATSKI"
3163;"PUERTO LEMPIRA"
3164;"CAUQUIRA"
3165;"RAYA"
3166;"WANPUSIRPI"
3167;"Uji, Landin"
3168;"TIKUABILA"
3169;"WAMPUSIRPI"
3170;"KUSUA SUOMP"
3171;"PRANZA"
3172;"KIASKIRA"
3173;"TASBARAYA, VILLEDA MORALES"
3174;"KURHPA"
3175;"TURRULAYA"
3176;"BATILKIRA"
3177;"KATSKY RAYA MUN PUERTO LEMPIRA"
3178;"LA KUNKA"
3179;"LANDIN"
3180;"COCAL"
3181;"UMBRUS"
3182;"AHUASLUPIA"
3183;"SUABILA"
3184;"TIKIRRAYA"
3185;"PUSWAYA"
3186;"ARENAS BLANCAS"
3187;"RUS RUS"
3188;"UHJUNULLA"
3189;"LIWAKURIA, PUERTO LEMPIRA GRACIAS A DIOS"
3190;"RAITI RIO PATUCA"
3191;"TAILIBILA"
3192;"DAPAT"
3193;"TITI"
3194;"COCO"
3195;"COGOTA"
3196;"DAKRATARA"
3197;"SUHI"
3198;"TUBURUS"
3199;"CAYOSIRPE"
3200;"TAPAMLAYA"
3201;"WANGKIAWALA"
3202;"TIPI MUNATARA"
3203;"BILALMUCK"
3204;"FRENTE A LA CALLE PRINCIPAL EL CENTRO"
3205;"TABILA LACA"
3206;"SUDIN BUENA VISTA"
3207;"TAILYARE"
3208;"SAULALA"
3209;"TIQUIRRAYA"
3210;"TWIMAWALA"
3211;"NUEVA GUINEA"
3212;"WALPA KIAIKIRA"
3213;"AURATA"
3214;"DIAMANTA"
3215;"WARUNTA"
3216;"PAPTALAYA"
3217;"WANPUSIRPI, GRACIAS A DIOS"
3218;"WAWINA"
3219;"TERMINAL DE LA CALLE PRINCIPAL"
3220;"BARRIO EL CENTRO CALLE PRINCIPAL"
3221;"LEYMUS"
3222;"KANKU"
3223;"MISTTRUCK"
3224;"SIRSITARA"
3225;"SIAKWALAYA"
3226;"TIPI LALMA"
3227;"BENCK"
3228;"PACUI"
3229;"AUKA"
3230;"TANSING"
3231;"BO EL LAMAL"
3232;"TUNTUNTARA"
3233;"AHUASBILA"
3234;"CALPO"
3235;"WALPATARA CRUTA"
3236;"WAUPLAYA"
3237;"CLUPQUI"
3238;"KARASUNTA"
3239;"UJI"
3240;"KRATA"
3241;"YAJURABILLA"
3242;"PRYMNITARA"
3243;"MANGOTORA"
3244;"WALPATA"
3245;"CALLE PRINCIPAL USUPUMPURA"
3246;"ZONA COSTERA CARATASCA"
3247;"BO. SAN JOSE"
3248;"WALPA KIAKIRA"
3249;"COCOTA"
3250;"TIPIMONA"
3251;"KANKU, PUERTO LEMPIRA, GRACIAS A DIOS"
3252;"PRUNINTARA"
3253;"PALKAKA"
3254;"DAPAT MUNICIPIOP PURTO LEMPIRA"
3255;"COMUNIDAD, UJI"
3256;"SIRSIRTARA"
3257;"AL LADO ESTE DE LA IGLESIA CATOLICA"
3258;"ALDEA TANSING"
3259;"BO ABRA"
3260;"KRUTA"
3261;"ALD. DE WAUPLAYA"
3262;"RURUS"
3263;"ALD. AUKA"
3264;"FRENTE A CEB RAMON ROSA"
3265;"BO.EL CENTRO KROPUNTA"
3266;"ALD.TIPI LALMA"
3267;"BARRIO EL CENTRO PLAPLAYA"
3268;"JIQUIMLACA"
3269;"LA LAGUNA, SAN NICOLAS"
3270;"CONSEPCION"
3271;"LAS VEGAS DE SAN JUAN"
3272;"CASERIO LAS CHORCHAS"
3273;"CASERIO BARRIO NUEVO"
3274;"CASERIO HOJA BLANCA"
3275;"LAS CUEVITAS"
3276;"CALUSCCA"
3277;"EL DORADO"
3278;"CASERIO PLAN VERDE"
3279;"CASERIO SAN GERONIMO"
3280;"COLOMARIGUA"
3281;"GUAJINIQUIL"
3282;"DESVIO EL MANGUITO, GUAJINIQUIL"
3283;"CALUSICA"
3284;"GUANCHIPILINCITO"
3285;"ALDEA JIQUINLICA"
3286;"CONCEPCION INTIBUCA"
3287;"PIEDRA REDONDA"
3288;"PIEDRA REDONDA ALA IZQ DE LA CARRETERA HACIA DOLORES"
3289;"LA UNION RIO BLANCO"
3290;"LAGINA DE CHILIGATORO"
3291;"TOGOPALA"
3292;"MIXCURE CENTRO"
3293;"EL WAY"
3294;"ALDEA SANTA CATARINA"
3295;"LLANO DE LA VIRGEN"
3296;"CEDROS RIO COLORADO"
3297;"MARACIA MARCALA"
3298;"BELEN MANAZAPA"
3299;"LLANO GRANDE KM 45"
3300;"LAS MERCEDES, RIO COLORADO"
3301;"SAN ANTONIO DEL NORTE"
3302;"EL PAHIZLAL"
3303;"PLANES RIO GRANDE"
3304;"BO. LLANO DE LA VIRGEN"
3305;"DULCE NOMBRE TOGOPALA"
3306;"NARANJO MISCURE"
3307;"QUEBRADA DE LAJAS"
3308;"CASERIO QUEBRADA DE HOYOS"
3309;"CASERIO EL CACAO QUEBRADA HONDA"
3310;"QUEBRADA DE VUELTAS , LA SORTO"
3311;"7 KM AL NOROESTE DE LA ESPERANZA"
3312;"PLANES MISCURI"
3313;"EL DURAZNITO SAN PEDRO"
3314;"PAKINA"
3315;"EL PELON DE OLOGOSI"
3316;"CHIATERIQUE"
3317;"MONQUECAGUA BO ELCENTRO"
3318;"RIO GRANDE"
3319;"RIO BALNCO"
3320;"MANAZAPA"
3321;"MALGUARA"
3322;"LA SORTO"
3323;"MISCURI CENTRO"
3324;"BO LEMPIRA"
3325;"CHILIGATORO"
3326;"ALDEA PINARES"
3327;"PELON DE OLOGOSI INTIBUCA"
3328;"MARACIA"
3329;"ALDEA DE AZACUALPA"
3330;"PLANES DE RIOS GRANDE"
3331;"BO. ABAJO MUNICIPIO DE INTIBUCA"
3332;"BO EL MOLINO"
3333;"BO. LEMPIRA"
3334;"BO. PLAZA DE ARMAS UNA CUADRA AL SUR DEL I.D.O."
3335;"BO. EL MANEADERO"
3336;"BO. EL WAY"
3337;"BARRIO LAS DELICIAS, INTIBUCA"
3338;"MONQUECAGUA"
3339;"ALDE A CANDELARIA, TOGAPALA"
3340;"BRISAS DE LA LAGUNA"
3341;"BO SANTA CRUZ"
3342;"SANTA FE AGRICOLA"
3343;"COL. SAN MIGUEL JESUS DE OTORO"
3344;"CAS. COCLAN RURAL"
3345;"COLONIA LA RURAL"
3346;"GUAYAMAN"
3347;"RODADORA"
3348;"UNION PRAGA"
3349;"CASERIO CRUCITA NORTE"
3350;"TRANQUITAS"
3351;"LOS ALPES ARRIBA"
3352;"SANTA FE ARRIBA"
3353;"JESUS DE OTORO, BO. EL ROSARIO"
3354;"MACUELIZO"
3355;"BO NUEVO"
3356;"YANCE"
3357;"CASERIO EL JUNQUILLO"
3358;"ALDEA DE MAYE"
3359;"CASERIO SAN MARCOS"
3360;"LLANO LARGO"
3361;"CASERIO SANTO DOMINGO"
3362;"SANTA FE ABAJO"
3363;"LOS ALPES"
3364;"CECAGUA"
3365;"ALDEA COCLAN"
3366;"CRUCITA ORIENTE"
3367;"BO SAN FRANCISCO"
3368;"MAYE, JESUS DE OTORO"
3369;"SAN FRANCISCO DEL POTRERO"
3370;"SAN JERONIMO JESUS DE OTORO"
3371;"BO. SANTA CRUZ"
3372;"LA PASTOZA CLL PPAL 1 CUADRA AL NORTE DE ESC CRISTOBAL COLON"
3373;"Barrio Ciudad Civica"
3374;"SAN VICENTE"
3375;"EL CALVARIO"
3376;"BO EL TEJAN"
3377;"EL VALVARIO, LA ESPERANZA"
3378;"EL PELON"
3379;"LA POZONA - LEPATERIQUE"
3380;"COL. SAN CARLOS"
3381;"CHOGOLA"
3382;"BO EL CALVARIO"
3383;"COL. BUENOS AIRES LA EPERANZA INTUBUCA"
3384;"BO. LA GRUTA"
3385;"MAGDALENA"
3386;"CASERIO LOS HORCONES"
3387;"EL CONCITO"
3388;"SAN FARNCISCO"
3389;"BO. EL LLANO MAGDALENA"
3390;"QUIRAGUIRA"
3391;"MASAGUARA"
3392;"COPANILLO"
3393;"EL CARNIZUELO"
3394;"AGUA SALADA 3KM A PIE DE LA COMUNIDAD DE QUIRAQUIRA"
3395;"ALDEA DE HORCONES"
3396;"CASERIO DE OTATALA"
3397;"LA DANIA LA DANTA MASAGUARA"
3398;"PIEDRAS GORDAS"
3399;"POTRERITOS"
3400;"GUATATECA"
3401;"OTATALA"
3402;"MONTEVERDE"
3403;"Aldea Agua Caliente"
3404;"AGUA SUCIA"
3405;"GUANZAUCE"
3406;"SANTA FE RIO CHIQUITO"
3407;"SAN JOSE DEL ROSARIO"
3408;"CHORRERA ASPERA"
3409;"PIEDRA RAYADA"
3410;"PLAN DE BARRIO"
3411;"EL TABOR"
3412;"PLAN DE BARRIOS"
3413;"BARRIO LAS BRISAS"
3414;"AGUA CALIENTE SUR"
3415;"COSIRE"
3416;"JAGUA"
3417;"LOMA DE HORNOS , SAN JUAN"
3418;"LLANO REDONDO"
3419;"CATAULACA"
3420;"COMUNIDAD EL ESPINAL"
3421;"CATAULACA SAN JUAN"
3422;"LOMA DE HORNOS"
3423;"SAN ANTONIO VADOS"
3424;"LA CARIDAD"
3425;"LA COYOTERA"
3426;"LOS PLANES DE SAN JOSE"
3427;"SAN JUAN , ALDEA SAN JOSE"
3428;"EL CACAHUATAL"
3429;"SAN JASINTO"
3430;"ALDEA SAN JOSE"
3431;"LA PASTOZA 3 KM ALÑ NORTE DE SN ISIDRO CALLE AL JUNQUILLO"
3432;"SAN MARCOS DE SIE"
3433;"EL SALITRE"
3434;"CASERIO RANCHO QUEMADO"
3435;"SUMURZA"
3436;"LODO NEGRO"
3437;"EL CEDRO"
3438;"EL PORTILLON"
3439;"ALDEA SAN LUIS , CASERIO EL COMEDO"
3440;"SAN MARCOS DE SIERRA"
3441;"RANCHO QUEMADO, SAN MARCOS DE SIERRA"
3442;"CAS. AGUA BLANCA"
3443;"HIERBA BUENA"
3444;"EL PLATANAR"
3445;"SEGUA"
3446;"TOCO"
3447;"CHUPUCAY"
3448;"CARRETERA QUE CONDUCE A DOLORES"
3449;"SAN MIGUELITO INTIBUCA"
3450;"LA MONTANA"
3451;"EL CASTANO"
3452;"LOS TABLONES"
3453;"SAN PABLO LLANITOS"
3454;"EL CARRIZAL, COLOMONCAGUA"
3455;"COLOMONCAGUA"
3456;"CERRO VERDE"
3457;"AMATES"
3458;"CALLEJONES"
3459;"EL LIMONCILLO LLANO GRANDE"
3460;"BO NUEVO R."
3461;"LAJITAS"
3462;"EL GUACHIPILIN"
3463;"ALDEA EL ALMENDRO"
3464;"CASERIO PUEBLO VIEJO"
3465;"CASERIO EL CERRO , ALDEA LAS LOMAS"
3466;"ALDEA SAN MIGUELITO"
3467;"EL QUEBRACHAL ALDEA SANTA ANA"
3468;"BO SAN PEDRO"
3469;"EL ALMENDRO"
3470;"BO. NUEVO"
3471;"ALDEA LA MINAS"
3472;"ALDEA DE SAN MIGUELITO"
3473;"YAMARANGUILA"
3474;"LAS HORTENCIAS"
3475;"LA PUERTA"
3476;"PACAYA"
3477;"HORCONES"
3478;"LOS OLIVOS"
3479;"SAN FERNANDO"
3480;"YASHE"
3481;"INGUANES"
3482;"ZACATE BLANCO"
3483;"PLANES PACAYA"
3484;"EL MEMBRILLO"
3485;"SEMANE"
3486;"EL PESON"
3487;"EL PICACHO"
3488;"SEQUIRE"
3489;"OLOAS"
3490;"MARTHA DOLORES"
3491;"EL OBISPO"
3492;"ALD. AZACUALPA"
3493;"ALD. EL PELON"
3494;"BO. SAN CARLOS"
3495;"BARRIO VILLANUEVA"
3496;"ALDEA LA LAGUNA"
3497;"ALDEA DEL ROSARIO"
3498;"SAN ANTONIO DEL MONTE"
3499;"HACIENDA SANTA LUCIA"
3500;"ALDEA EL CARMEN"
3501;"SAN JUAN DE DIOS"
3502;"CAMASCA"
3503;"AGUANQUETERIQUE"
3504;"MONTE CRUDO"
3505;"CERROCHATO"
3506;"EL RANCHO"
3507;"CONCHAS DE MUNUAQUE"
3508;"GUIRACARAY"
3509;"TEUPE"
3510;"EL PAQUE"
3511;"LLANOS DE CAN"
3512;"LA LLORONA"
3513;"BARRANCARAY"
3514;"LAURELES"
3515;"AGUANTERIQUE"
3516;"MERCEDES DE ORIENTE"
3517;"LA TORRECILLA"
3518;"LOS CASTAÐOS"
3519;"MERSEDEZ DE ORIENTE"
3520;"GUACAMAYA"
3521;"La Golondrina"
3522;"OPATORO"
3523;"BARRIO SANTA FE DE FLORIDA"
3524;"CASERIO DE LAS TRANCAS"
3525;"MATAZANO"
3526;"CASERIO DELICIAS"
3527;"EL ZACATILLO"
3528;"SAN AISIDRO"
3529;"LA HACIENDA, AZACUALPA"
3530;"CAMAPARA"
3531;"GUALMURACA"
3532;"LA ARADA"
3533;"LA ISLETA"
3534;"BARRIO CEL CENTRO"
3535;"EL REGADILLO"
3536;"PORTILLO LA FLOR"
3537;"CASERIO AGUA CALIENTE"
3538;"EL TUYAL"
3539;"PIEDRA LARGA"
3540;"SUYANDE"
3541;"TEJERAS"
3542;"EL ARCO"
3543;"JOALACA"
3544;"LA GOCIA"
3545;"EL MAGUEYAL"
3546;"LA MOHAGA"
3547;"YARUCHEL"
3548;"BO. SAN ANTONIO"
3549;"LA GOSIA"
3550;"BARRIO EL CENTRO FTE A PULPERIA DUARTE"
3551;"LA BALASTRERA"
3552;"EL DESCANSADERO"
3553;"MONTES DE ORO"
3554;"RIO FRIO"
3555;"GUAYABITO"
3556;"PLAN DEL HIGO"
3557;"SAN MANUEL DEL TRIUNFO"
3558;"QUEBRADA EL PACAYAL"
3559;"CRUZ GRANDE"
3560;"PINALEJO"
3561;"EL CONCHAL"
3562;"ALIANZA"
3563;"MARUHUACA"
3564;"ALDEA LA ZONORA"
3565;"ALDEA LOS LUISES"
3566;"EL CUBULERO"
3567;"SAN PEDRO CALERO"
3568;"EL ACEITUNO"
3569;"ALDEA ALTO DE JESUS"
3570;"EL ESTERO"
3571;"PLAYA GRANDE"
3572;"LOS AMATES PLAYITAS"
3573;"ALIANZA B MONGOLLA"
3574;"ALDEA SAN PABLO"
3575;"LAS PELONAS"
3576;"ALDEA LOS HUATALES"
3577;"PLAYA BLANCA"
3578;"ISLITAS"
3579;"ALDEA JOCOTE"
3580;"LA PINTADILLERA"
3581;"ALDEA LA TIGUILOTADA"
3582;"PUNTA HONDA"
3583;"COYOLITO"
3584;"PUERTO GRANDE"
3585;"ALDEA EL ZOPE"
3586;"GUALORITA"
3587;"PLAYA NEGRA"
3588;"LOS LANGUES"
3589;"PUNTA NOVILLO"
3590;"PUERTO GRANDE AMAPALA VALLE"
3591;"ALDEA LA PINTADILLERA"
3592;"AMAPALA VALLE"
3593;"ARENAL"
3594;"ZAPAMATEPE"
3595;"TEGUAJAL"
